fips,preds_no_bank_acct,no_bank_no_money,no_bank_too_far,used_online_banking,borrowed_formally,objectid,mFIPS,district,locality,ed
10100101,0.261616,0.23784,0.024480000000000002,0.082032,0.242464,712,1100101,1,01,101
10100102,0.23873202614379085,0.218078431372549,0.023777777777777776,0.10551633986928105,0.254156862745098,701,1100102,1,01,102
10100103,0.18516666666666667,0.1870128205128205,0.010666666666666666,0.08171794871794871,0.2711025641025641,703,1100103,1,01,103
10100104,0.19294949494949495,0.17074747474747476,0.01765656565656566,0.14173737373737375,0.25472727272727275,710,1100104,1,01,104
10100105,0.285475,0.25,0.0276125,0.0764125,0.2364625,720,1100105,1,01,105
10100601,0.24696703296703296,0.22153846153846155,0.020549450549450548,0.11874725274725274,0.26756043956043957,708,1100601,1,01,601
10100602,0.21083928571428573,0.1910714285714286,0.015589285714285714,0.15121428571428572,0.25901785714285713,706,1100602,1,01,602
10100603,0.2595221238938053,0.20801769911504425,0.01927433628318584,0.11276106194690266,0.24828318584070797,718,1100603,1,01,603
10101101,0.23594444444444446,0.21872222222222223,0.01937037037037037,0.09159259259259259,0.2394074074074074,709,1101101,1,01,1101
10101104,0.3172695652173913,0.25827826086956523,0.028052173913043477,0.07448695652173913,0.2384,707,1101104,1,01,1104
10101105,0.24116,0.18972,0.01952,0.17328,0.2552,711,1101105,1,01,1105
10101603,0.2271521739130435,0.2105217391304348,0.019282608695652174,0.09630434782608696,0.2544782608695652,705,1101603,1,01,1603
10102104,0.17910638297872342,0.17119148936170211,0.010595744680851064,0.10648936170212767,0.2766595744680851,717,1102104,1,01,2104
10102105,0.2764,0.24411666666666668,0.025683333333333332,0.08103333333333333,0.26166666666666666,721,1102105,1,01,2105
10103104,0.20492913385826772,0.1879527559055118,0.013433070866141733,0.07677165354330709,0.2762677165354331,704,1103104,1,01,3104
10103105,0.22777777777777777,0.21351515151515152,0.018848484848484847,0.08806060606060606,0.2887070707070707,723,1103105,1,01,3105
10104104,0.27305109489051094,0.2318102189781022,0.025445255474452554,0.09833576642335766,0.24503649635036495,716,1104104,1,01,4104
10104105,0.20342056074766354,0.2031214953271028,0.016261682242990655,0.11714018691588785,0.2982056074766355,713,1104105,1,01,4105
10105104,0.23478048780487804,0.2178211382113821,0.021203252032520326,0.08026016260162602,0.2614308943089431,702,1105104,1,01,5104
10105105,0.22776859504132232,0.21284297520661158,0.01968595041322314,0.10186776859504132,0.28912396694214876,722,1105105,1,01,5105
10106104,0.1470793650793651,0.16047619047619047,0.011682539682539683,0.15022222222222223,0.2866666666666667,715,1106104,1,01,6104
10106105,0.21828,0.19958,0.02118,0.10686,0.27682,719,1106105,1,01,6105
10107105,0.1659718309859155,0.16030985915492957,0.008225352112676056,0.11408450704225352,0.2650704225352113,714,1107105,1,01,7105
11200201,0.3541666666666667,0.28926666666666667,0.0523,0.059000000000000004,0.23276666666666668,661,1200201,1,12,201
11200202,0.23457317073170733,0.21289024390243902,0.046621951219512195,0.09385365853658537,0.23389024390243904,666,1200202,1,12,202
11200203,0.4180606060606061,0.35918181818181816,0.08893939393939394,0.02493939393939394,0.2050909090909091,696,1200203,1,12,203
11200204,0.402375,0.319,0.073175,0.038075,0.20785,679,1200204,1,12,204
11200205,0.256384,0.249104,0.041312,0.038208,0.232464,659,1200205,1,12,205
11200206,0.34084848484848485,0.29403030303030303,0.061393939393939397,0.04139393939393939,0.22733333333333333,691,1200206,1,12,206
11200207,0.36266666666666664,0.3144,0.07986666666666667,0.01832,0.20917333333333332,642,1200207,1,12,207
11200208,0.3644193548387097,0.29119354838709677,0.06206451612903226,0.03274193548387097,0.1876774193548387,643,1200208,1,12,208
11200209,0.42707142857142855,0.31839285714285714,0.0655,0.05682142857142857,0.19053571428571428,650,1200209,1,12,209
11200210,0.196,0.201,0.012,0.313,0.377,700,1200210,1,12,210
11200211,0.35745454545454547,0.31213223140495866,0.058859504132231406,0.025272727272727273,0.2273719008264463,665,1200211,1,12,211
11200212,0.3085113636363636,0.28692045454545456,0.038181818181818185,0.035647727272727275,0.20989772727272726,673,1200212,1,12,212
11200213,0.502,0.4175,0.0345,0.007,0.2665,664,1200213,1,12,213
11200253,0.3366355140186916,0.288392523364486,0.05297196261682243,0.03011214953271028,0.23813084112149532,655,1200253,1,12,253
11200255,0.3024375,0.262,0.03975,0.05159375,0.24509375,685,1200255,1,12,255
11200258,0.4156346153846154,0.34042307692307694,0.06359615384615384,0.026653846153846153,0.21930769230769231,689,1200258,1,12,258
11200704,0.38845,0.33416666666666667,0.07066666666666667,0.029383333333333334,0.19415,645,1200704,1,12,704
11200705,0.2593253012048193,0.25185542168674696,0.04390361445783133,0.07771084337349397,0.24163855421686747,656,1200705,1,12,705
11200706,0.3802686567164179,0.322,0.07091044776119403,0.024611940298507464,0.21219402985074629,688,1200706,1,12,706
11200745,0.35464864864864865,0.2877657657657658,0.052162162162162164,0.019513513513513513,0.2056936936936937,641,1200745,1,12,745
11201201,0.2367479674796748,0.20884552845528456,0.04060162601626016,0.09598373983739837,0.25398373983739836,697,1201201,1,12,1201
11201203,0.361,0.30170454545454545,0.06540909090909092,0.04002272727272727,0.23143181818181818,663,1201203,1,12,1203
11201204,0.2696769230769231,0.24227692307692308,0.041861538461538464,0.06795384615384616,0.24835384615384615,653,1201204,1,12,1204
11201205,0.3313333333333333,0.29017948717948716,0.050987179487179485,0.04632051282051282,0.23523076923076924,683,1201205,1,12,1205
11201206,0.39859322033898303,0.3213559322033898,0.08083050847457628,0.029203389830508474,0.2114406779661017,658,1201206,1,12,1206
11201207,0.41371111111111114,0.3330444444444444,0.07951111111111112,0.03917777777777778,0.20617777777777777,690,1201207,1,12,1207
11201209,0.3697241379310345,0.3297832512315271,0.06563546798029557,0.019182266009852216,0.20254187192118225,669,1201209,1,12,1209
11201211,0.3913103448275862,0.33577011494252873,0.07116091954022989,0.017206896551724138,0.2103103448275862,678,1201211,1,12,1211
11201212,0.26325714285714286,0.23131428571428572,0.037714285714285714,0.058685714285714285,0.22942857142857143,651,1201212,1,12,1212
11201253,0.427,0.35333870967741937,0.08337096774193549,0.0225,0.2108225806451613,644,1201253,1,12,1253
11201255,0.26146478873239437,0.2536338028169014,0.047380281690140844,0.06884507042253521,0.24577464788732395,662,1201255,1,12,1255
11201258,0.3036258064516129,0.2745548387096774,0.051883870967741934,0.049329032258064516,0.21221935483870968,660,1201258,1,12,1258
11201704,0.3751375,0.3144875,0.0722875,0.0210375,0.1933875,667,1201704,1,12,1704
11201705,0.28252513966480447,0.25700558659217876,0.04111731843575419,0.051486033519553075,0.22916201117318435,646,1201705,1,12,1705
11201706,0.3193137254901961,0.2733921568627451,0.061450980392156865,0.03994117647058824,0.2518235294117647,647,1201706,1,12,1706
11201754,0.2915384615384615,0.2670769230769231,0.05519230769230769,0.029134615384615384,0.2611730769230769,686,1201754,1,12,1754
11202203,0.33782,0.29434,0.06632,0.0304,0.23146,695,1202203,1,12,2203
11202204,0.2717678571428571,0.26055357142857144,0.04051785714285714,0.0385,0.22157142857142859,681,1202204,1,12,2204
11202206,0.40747286821705425,0.31632558139534883,0.061209302325581395,0.037968992248062015,0.198031007751938,668,1202206,1,12,2206
11202207,0.3760388349514563,0.2973203883495146,0.0634368932038835,0.030349514563106795,0.22689320388349515,657,1202207,1,12,2207
11202209,0.6564117647058824,0.3771323529411765,0.07886764705882353,0.014220588235294117,0.1555294117647059,670,1202209,1,12,2209
11202211,0.38952380952380955,0.2994761904761905,0.06276190476190477,0.027142857142857142,0.23033333333333333,677,1202211,1,12,2211
11202212,0.30580748663101603,0.2735294117647059,0.0458716577540107,0.034449197860962566,0.21575401069518715,672,1202212,1,12,2212
11202253,0.3068888888888889,0.2781851851851852,0.050666666666666665,0.04472222222222222,0.24166666666666667,692,1202253,1,12,2253
11202255,0.25628985507246377,0.2463768115942029,0.035101449275362316,0.060144927536231886,0.24657971014492755,684,1202255,1,12,2255
11202258,0.32462068965517243,0.28472413793103446,0.05341379310344828,0.045655172413793105,0.21655172413793103,671,1202258,1,12,2258
11202705,0.2648787878787879,0.24283333333333335,0.04459090909090909,0.04543939393939394,0.2359090909090909,682,1202705,1,12,2705
11202706,0.40476923076923077,0.327965811965812,0.08107692307692307,0.018495726495726495,0.1878803418803419,648,1202706,1,12,2706
11202754,0.33076767676767677,0.30284848484848487,0.05941414141414141,0.04032323232323232,0.23432323232323232,652,1202754,1,12,2754
11203201,0.4205853658536585,0.3370975609756098,0.06695121951219513,0.013439024390243902,0.1952439024390244,654,1203201,1,12,3201
11203204,0.3268695652173913,0.28963478260869563,0.05819130434782609,0.029269565217391304,0.2336,680,1203204,1,12,3204
11203206,0.3522742857142857,0.28674285714285713,0.05766857142857143,0.041062857142857144,0.21546285714285715,694,1203206,1,12,3206
11203209,0.6664444444444444,0.3521111111111111,0.08,0.01862962962962963,0.17944444444444443,676,1203209,1,12,3209
11203706,0.3607,0.29875,0.06065,0.06115,0.233525,687,1203706,1,12,3706
11204201,0.23552380952380952,0.2220952380952381,0.03685714285714286,0.07828571428571429,0.22647619047619047,698,1204201,1,12,4201
11204204,0.4086029411764706,0.3160294117647059,0.07026470588235294,0.01826470588235294,0.19544117647058823,649,1204204,1,12,4204
11204206,0.33532142857142855,0.26789285714285715,0.052821428571428575,0.05425,0.23089285714285715,693,1204206,1,12,4206
11204209,0.6567721518987342,0.3783291139240506,0.06432911392405063,0.011721518987341773,0.17318987341772152,674,1204209,1,12,4209
11205201,0.289984126984127,0.2603015873015873,0.05038095238095238,0.05419047619047619,0.2546984126984127,699,1205201,1,12,5201
11205209,0.6521917808219179,0.3455068493150685,0.06835616438356164,0.019178082191780823,0.18745205479452054,675,1205209,1,12,5209
20200101,0.2805074626865672,0.23794029850746268,0.02844776119402985,0.0904179104477612,0.276955223880597,613,2100101,2,02,101
20200102,0.22910714285714287,0.20391071428571428,0.014232142857142856,0.10894642857142857,0.26873214285714286,610,2100102,2,02,102
20200103,0.13921311475409837,0.13298360655737704,0.009344262295081967,0.20836065573770493,0.31085245901639347,619,2100103,2,02,103
20200104,0.2722929292929293,0.23044444444444445,0.028383838383838383,0.07096969696969697,0.2578484848484848,621,2100104,2,02,104
20200151,0.2650359712230216,0.22624460431654675,0.024158273381294965,0.09079136690647482,0.2567482014388489,622,2100151,2,02,151
20200152,0.24829213483146068,0.20703370786516853,0.022179775280898876,0.13946067415730337,0.2787415730337079,611,2100152,2,02,152
20200601,0.18496,0.19276,0.01236,0.15028,0.26076,629,2100601,2,02,601
20200602,0.2514198473282443,0.22245801526717557,0.020854961832061068,0.09548091603053435,0.2703206106870229,623,2100602,2,02,602
20200651,0.22852252252252253,0.2015855855855856,0.023477477477477478,0.11978378378378378,0.2687027027027027,616,2100651,2,02,651
20200652,0.2595776397515528,0.21706832298136647,0.024409937888198757,0.09004968944099379,0.2526832298136646,640,2100652,2,02,652
20200653,0.22773626373626374,0.21375824175824176,0.01986813186813187,0.08114285714285714,0.26986813186813186,618,2100653,2,02,653
20201101,0.27458715596330274,0.2497064220183486,0.027027522935779816,0.09332110091743119,0.2745321100917431,614,2101101,2,02,1101
20201103,0.20623188405797102,0.19684057971014493,0.01918840579710145,0.09953623188405797,0.26765217391304347,620,2101103,2,02,1103
20201104,0.2329491525423729,0.22027118644067797,0.019389830508474575,0.12108474576271186,0.26610169491525426,628,2101104,2,02,1104
20201256,0.23917985611510792,0.2276546762589928,0.02297841726618705,0.08594244604316546,0.2704892086330935,617,2101256,2,02,1256
20201601,0.21217857142857144,0.20332142857142857,0.016142857142857143,0.09714285714285714,0.26089285714285715,612,2101601,2,02,1601
20201602,0.2837831325301205,0.23720481927710843,0.027855421686746987,0.0699277108433735,0.249855421686747,615,2101602,2,02,1602
20201652,0.22715686274509805,0.20341176470588235,0.025764705882352943,0.115,0.276078431372549,626,2101652,2,02,1652
20201653,0.21355555555555555,0.19264957264957264,0.019982905982905984,0.12644444444444444,0.28384615384615386,632,2101653,2,02,1653
20202103,0.20690058479532164,0.19278362573099414,0.01830409356725146,0.12594152046783627,0.2757426900584795,630,2102103,2,02,2103
20202104,0.24955,0.2244,0.020775,0.0866,0.27375,633,2102104,2,02,2104
20202602,0.2667387387387387,0.2158918918918919,0.022504504504504506,0.10203603603603603,0.26275675675675675,638,2102602,2,02,2602
20202652,0.2501860465116279,0.22116279069767442,0.023503875968992248,0.08655813953488373,0.28054263565891474,627,2102652,2,02,2652
20203103,0.2631157894736842,0.23686315789473683,0.025578947368421052,0.10861052631578948,0.27214736842105264,631,2103103,2,02,3103
20203104,0.24085436893203882,0.22502912621359222,0.020077669902912623,0.09161165048543689,0.2714757281553398,634,2103104,2,02,3104
20203652,0.27638167938931296,0.24862595419847328,0.02717557251908397,0.09393893129770993,0.25987786259541984,624,2103652,2,02,3652
20204652,0.21448275862068966,0.1965287356321839,0.018229885057471265,0.10439080459770116,0.2875632183908046,637,2104652,2,02,4652
20205652,0.2362095238095238,0.21702857142857143,0.019200000000000002,0.09746666666666667,0.2588190476190476,636,2105652,2,02,5652
20206652,0.2120821917808219,0.20123287671232876,0.02621917808219178,0.10624657534246575,0.2878904109589041,639,2106652,2,02,6652
20207652,0.24162962962962964,0.2265,0.027574074074074074,0.09935185185185186,0.26055555555555554,625,2107652,2,02,7652
20208652,0.25248275862068964,0.24493103448275863,0.022327586206896552,0.08791379310344828,0.2603793103448276,635,2108652,2,02,8652
21200201,0.22133884297520662,0.1904297520661157,0.0343801652892562,0.10862809917355372,0.2793388429752066,587,2200201,2,12,201
21200202,0.3604,0.30861714285714287,0.07186285714285714,0.024457142857142858,0.20192,573,2200202,2,12,202
21200203,0.4163119266055046,0.34108256880733945,0.074,0.027963302752293577,0.2193211009174312,557,2200203,2,12,203
21200204,0.4213504273504273,0.34560683760683764,0.06557264957264958,0.03275213675213675,0.19311111111111112,569,2200204,2,12,204
21200205,0.37926041666666666,0.30740625,0.06555208333333333,0.01465625,0.20722916666666666,563,2200205,2,12,205
21200206,0.44630555555555557,0.34219444444444447,0.07577777777777778,0.01852777777777778,0.18827777777777777,547,2200206,2,12,206
21200207,0.2894102564102564,0.26446153846153847,0.04587179487179487,0.028666666666666667,0.2255128205128205,565,2200207,2,12,207
21200208,0.31411904761904763,0.26680952380952383,0.0455952380952381,0.0985952380952381,0.2455,549,2200208,2,12,208
21200209,0.1919102564102564,0.1911025641025641,0.035397435897435894,0.13074358974358974,0.2571282051282051,546,2200209,2,12,209
21200211,0.6293858921161826,0.3716182572614108,0.07323651452282158,0.01587551867219917,0.1600414937759336,570,2200211,2,12,211
21200212,0.636,0.334,0.076,0,0.074,608,2200212,2,12,212
21200213,0.6427299270072993,0.34026277372262775,0.05467153284671533,0.014072992700729927,0.15525547445255475,562,2200213,2,12,213
21200256,0.4239568345323741,0.33480575539568347,0.06559712230215828,0.04240287769784173,0.2217410071942446,572,2200256,2,12,256
21200307,0.33489285714285716,0.2887857142857143,0.045464285714285714,0.03580357142857143,0.20833928571428573,548,2200307,2,12,307
21200701,0.35627972027972027,0.305986013986014,0.05048951048951049,0.055496503496503494,0.21952447552447552,560,2200701,2,12,701
21200708,0.3872040133779264,0.32073578595317725,0.06132441471571906,0.032929765886287626,0.2148829431438127,599,2200708,2,12,708
21200710,0.3799669421487603,0.3125785123966942,0.05824793388429752,0.027652892561983472,0.20735537190082645,551,2200710,2,12,710
21200908,0.31455555555555553,0.2809027777777778,0.051402777777777776,0.06090277777777778,0.22268055555555555,550,2200908,2,12,908
21201201,0.3272075471698113,0.27520754716981133,0.05279245283018868,0.07030188679245283,0.22750943396226414,553,2201201,2,12,1201
21201204,0.4669365079365079,0.33890476190476193,0.062063492063492064,0.016396825396825396,0.1948888888888889,552,2201204,2,12,1204
21201205,0.4224102564102564,0.33694871794871795,0.06361538461538462,0.02712820512820513,0.20174358974358975,564,2201205,2,12,1205
21201206,0.40932203389830507,0.31728813559322033,0.059,0.0348135593220339,0.21028813559322035,578,2201206,2,12,1206
21201207,0.3153228346456693,0.27067716535433073,0.049653543307086614,0.04431496062992126,0.22921259842519684,566,2201207,2,12,1207
21201208,0.30891056910569104,0.284130081300813,0.054,0.0480650406504065,0.2644878048780488,606,2201208,2,12,1208
21201211,0.4592727272727273,0.3317272727272727,0.052,0.032590909090909094,0.18913636363636363,545,2201211,2,12,1211
21201213,0.6395849056603774,0.3599874213836478,0.05335849056603774,0.01220125786163522,0.16018867924528302,568,2201213,2,12,1213
21201256,0.514542372881356,0.38820338983050845,0.09793220338983051,0.020983050847457628,0.18372881355932202,559,2201256,2,12,1256
21201701,0.3809911504424779,0.29083185840707965,0.05256637168141593,0.045787610619469024,0.20591150442477876,593,2201701,2,12,1701
21201708,0.44055737704918035,0.3439016393442623,0.07695081967213115,0.021967213114754098,0.18698360655737706,574,2201708,2,12,1708
21201710,0.4199381443298969,0.3175051546391753,0.06105154639175258,0.028762886597938145,0.1948659793814433,567,2201710,2,12,1710
21202201,0.29218421052631577,0.2775,0.04486842105263158,0.045552631578947365,0.22057894736842104,589,2202201,2,12,2201
21202204,0.39659428571428573,0.3258285714285714,0.06268571428571429,0.01614857142857143,0.21632,561,2202204,2,12,2204
21202205,0.33883168316831686,0.28182178217821785,0.05815841584158416,0.04483168316831683,0.212,575,2202205,2,12,2205
21202206,0.39980132450331124,0.31811920529801324,0.06908609271523179,0.03019867549668874,0.21650331125827815,577,2202206,2,12,2206
21202207,0.23442857142857143,0.2537142857142857,0.040285714285714286,0.06514285714285714,0.24157142857142858,592,2202207,2,12,2207
21202208,0.30376969696969697,0.26443636363636364,0.050763636363636365,0.07345454545454545,0.24854545454545454,581,2202208,2,12,2208
21202213,0.6215921052631579,0.37094736842105264,0.0655,0.009921052631578947,0.15955263157894736,555,2202213,2,12,2213
21202256,0.3877910447761194,0.3146119402985075,0.05114925373134328,0.0382089552238806,0.22250746268656715,556,2202256,2,12,2256
21202701,0.2957361111111111,0.2706527777777778,0.050291666666666665,0.03834722222222222,0.23702777777777778,554,2202701,2,12,2701
21202708,0.5391351351351351,0.41484684684684686,0.10965765765765766,0.022324324324324324,0.18594594594594593,598,2202708,2,12,2708
21202710,0.4533846153846154,0.35196923076923076,0.06781538461538461,0.01609230769230769,0.20107692307692307,544,2202710,2,12,2710
21203201,0.3241875,0.288125,0.042875,0.048125,0.2451875,588,2203201,2,12,3201
21203204,0.394327868852459,0.3218360655737705,0.05875409836065574,0.032688524590163935,0.22555737704918033,602,2203204,2,12,3204
21203205,0.3439814814814815,0.2916296296296296,0.05305555555555556,0.03981481481481482,0.2257962962962963,576,2203205,2,12,3205
21203207,0.30383098591549296,0.2652394366197183,0.04661971830985916,0.05061971830985915,0.2252112676056338,591,2203207,2,12,3207
21203213,0.6254117647058823,0.37011764705882355,0.06172549019607843,0.015294117647058823,0.18666666666666668,605,2203213,2,12,3213
21203256,0.33645045045045047,0.3007027027027027,0.05845045045045045,0.04836036036036036,0.2174234234234234,583,2203256,2,12,3256
21203710,0.39098850574712646,0.33227586206896553,0.06342528735632184,0.025586206896551725,0.2227816091954023,595,2203710,2,12,3710
21204201,0.16699999999999998,0.123,0.018000000000000002,0.003,0.115,558,2204201,2,12,4201
21204204,0.4008695652173913,0.32671739130434785,0.059543478260869566,0.03134782608695652,0.21315217391304347,603,2204204,2,12,4204
21204206,0.3768888888888889,0.3165925925925926,0.06607407407407408,0.019925925925925927,0.21074074074074073,580,2204206,2,12,4206
21204213,0.6357115384615385,0.34578846153846154,0.04976923076923077,0.010576923076923078,0.153,604,2204213,2,12,4213
21204256,0.3050833333333333,0.27631666666666665,0.04745,0.048,0.25785,582,2204256,2,12,4256
21204710,0.3576388888888889,0.3131111111111111,0.058583333333333334,0.03463888888888889,0.2401388888888889,594,2204710,2,12,4710
21205201,0.26990909090909093,0.2477818181818182,0.03805454545454545,0.07949090909090908,0.2558909090909091,590,2205201,2,12,5201
21205204,0.3434,0.29368,0.05108,0.03476,0.21532,600,2205204,2,12,5204
21205206,0.39536363636363636,0.33075757575757575,0.07427272727272727,0.01893939393939394,0.21345454545454545,579,2205206,2,12,5206
21205256,0.3140277777777778,0.2858611111111111,0.04863888888888889,0.05175,0.24766666666666667,571,2205256,2,12,5256
21205710,0.335710843373494,0.31183132530120483,0.0603855421686747,0.053879518072289155,0.25706024096385544,596,2205710,2,12,5710
21206204,0.40307692307692305,0.3271076923076923,0.0643076923076923,0.025476923076923078,0.20307692307692307,601,2206204,2,12,6204
21206256,0.34041121495327104,0.2909158878504673,0.05069158878504673,0.042710280373831774,0.22973831775700934,585,2206256,2,12,6256
21206710,0.35250485436893203,0.3076504854368932,0.07283495145631068,0.030815533980582524,0.2032621359223301,597,2206710,2,12,6710
21207256,0.3463125,0.3050625,0.050859375,0.0431875,0.235109375,584,2207256,2,12,7256
21208256,0.35974850299401195,0.28948502994011976,0.05098203592814372,0.0625748502994012,0.2448622754491018,586,2208256,2,12,8256
30300201,0.2878918918918919,0.208972972972973,0.018216216216216215,0.10362162162162163,0.24345945945945946,425,3100201,3,03,201
30300202,0.21279611650485436,0.18829126213592234,0.013398058252427184,0.12961165048543688,0.2688155339805825,422,3100202,3,03,202
30300203,0.23923809523809525,0.1946904761904762,0.019476190476190477,0.11519047619047619,0.23361904761904762,443,3100203,3,03,203
30300204,0.22630508474576272,0.2168813559322034,0.017661016949152543,0.12915254237288135,0.22976271186440678,423,3100204,3,03,204
30300205,0.24166265060240963,0.21110843373493976,0.019156626506024097,0.10183132530120483,0.28026506024096387,426,3100205,3,03,205
30300206,0.23208333333333334,0.20658333333333334,0.016958333333333332,0.12695833333333334,0.25204166666666666,440,3100206,3,03,206
30300207,0.25838805970149253,0.19638805970149253,0.023492537313432836,0.14611940298507461,0.2564776119402985,444,3100207,3,03,207
30300208,0.2313103448275862,0.2043448275862069,0.02160919540229885,0.13236781609195403,0.24197701149425288,447,3100208,3,03,208
30300209,0.29202564102564105,0.23523076923076924,0.025,0.11125641025641025,0.23346153846153847,442,3100209,3,03,209
30300210,0.16896296296296295,0.14503703703703705,0.009481481481481481,0.2134074074074074,0.2667407407407407,441,3100210,3,03,210
30300211,0.2511063829787234,0.20127659574468085,0.02205673758865248,0.11963120567375887,0.2346241134751773,433,3100211,3,03,211
30300212,0.13526760563380283,0.13611267605633803,0.008338028169014085,0.23230985915492958,0.26940845070422537,438,3100212,3,03,212
30300213,0.1937966101694915,0.17371186440677966,0.014915254237288136,0.1450677966101695,0.2662372881355932,446,3100213,3,03,213
30300214,0.11625396825396825,0.09038095238095238,0.004888888888888889,0.3075873015873016,0.27184126984126983,445,3100214,3,03,214
30300221,0.2911578947368421,0.24294736842105263,0.016789473684210528,0.09857894736842106,0.23331578947368423,428,3100221,3,03,221
30300222,0.22230357142857143,0.18887500000000002,0.015339285714285715,0.1319642857142857,0.23998214285714287,431,3100222,3,03,222
30300225,0.1249375,0.12411607142857144,0.0063750000000000005,0.21751785714285715,0.28020535714285716,491,3100225,3,03,225
30300262,0.24832394366197183,0.21070422535211267,0.02056338028169014,0.10156338028169014,0.24752112676056337,432,3100262,3,03,262
30300263,0.23615,0.217925,0.020025,0.106575,0.246675,434,3100263,3,03,263
30300264,0.17941104294478527,0.1603680981595092,0.011803680981595092,0.17049079754601226,0.26074846625766873,439,3100264,3,03,264
30300272,0.24342307692307694,0.19753846153846155,0.026769230769230767,0.12780769230769232,0.2655769230769231,430,3100272,3,03,272
30300705,0.2271276595744681,0.19463829787234044,0.01751063829787234,0.10370212765957447,0.2519574468085106,424,3100705,3,03,705
30300714,0.1793543307086614,0.15853543307086615,0.013196850393700787,0.18590551181102363,0.2513700787401575,435,3100714,3,03,714
30300722,0.20166666666666666,0.17824444444444446,0.015622222222222223,0.11526666666666667,0.258,429,3100722,3,03,722
30301214,0.14351851851851852,0.1343148148148148,0.010425925925925925,0.22653703703703704,0.2782962962962963,499,3101214,3,03,1214
30301225,0.13521481481481482,0.13958518518518517,0.008977777777777777,0.22868148148148149,0.28100740740740743,508,3101225,3,03,1225
30301226,0.09541935483870968,0.0940483870967742,0.0034838709677419357,0.34996774193548386,0.31717741935483873,494,3101226,3,03,1226
30301264,0.13791176470588234,0.13239705882352942,0.008338235294117646,0.20413235294117646,0.28723529411764703,437,3101264,3,03,1264
30301714,0.18586666666666665,0.16634285714285715,0.011447619047619047,0.1688,0.2582857142857143,436,3101714,3,03,1714
30301914,0.17251612903225808,0.1335483870967742,0.01870967741935484,0.22993548387096774,0.28074193548387094,489,3101914,3,03,1914
30302225,0.11318881118881119,0.1158111888111888,0.007517482517482518,0.21926573426573426,0.3016783216783217,492,3102225,3,03,2225
30302226,0.12759036144578315,0.13067469879518073,0.010265060240963856,0.27067469879518075,0.30293975903614456,507,3102226,3,03,2226
30302264,0.1575826086956522,0.14269565217391306,0.01191304347826087,0.19008695652173913,0.2720173913043478,510,3102264,3,03,2264
30302914,0.13681592039800994,0.12827860696517412,0.010895522388059702,0.21455721393034827,0.2874129353233831,497,3102914,3,03,2914
30303225,0.12279611650485436,0.11875728155339806,0.00783495145631068,0.1902621359223301,0.2751359223300971,496,3103225,3,03,3225
30303914,0.135,0.12280555555555556,0.008222222222222223,0.22680555555555557,0.2775,509,3103914,3,03,3914
30304225,0.17162181818181818,0.1494909090909091,0.013912727272727273,0.16697454545454546,0.27869818181818184,495,3104225,3,03,4225
30304914,0.20021739130434782,0.17930434782608695,0.01582608695652174,0.14273913043478262,0.2536086956521739,500,3104914,3,03,4914
30305225,0.39440740740740743,0.2482037037037037,0.04048148148148148,0.10161111111111111,0.17905555555555555,493,3105225,3,03,5225
30305914,0.12457425742574257,0.11291089108910891,0.009346534653465346,0.27792079207920795,0.3056039603960396,498,3105914,3,03,5914
30306914,0.14100613496932515,0.1408957055214724,0.010429447852760737,0.2051165644171779,0.27413496932515335,490,3106914,3,03,6914
30400101,0.21796969696969698,0.17857575757575758,0.017954545454545456,0.1555,0.25256060606060604,459,3100101,3,04,101
30400102,0.25384761904761904,0.22121904761904762,0.02036190476190476,0.08318095238095238,0.23415238095238095,461,3100102,3,04,102
30400103,0.2701136363636364,0.22979545454545455,0.02375,0.10531818181818182,0.22063636363636363,456,3100103,3,04,103
30400104,0.20078350515463916,0.17865979381443298,0.01577319587628866,0.1507216494845361,0.24457731958762888,465,3100104,3,04,104
30400105,0.1977391304347826,0.1763478260869565,0.018521739130434783,0.16017391304347825,0.27860869565217394,487,3100105,3,04,105
30400106,0.15295652173913044,0.16356521739130436,0.01608695652173913,0.17704347826086958,0.2782608695652174,475,3100106,3,04,106
30400107,0.24373195876288659,0.20138144329896907,0.01861855670103093,0.10589690721649485,0.25096907216494846,455,3100107,3,04,107
30400108,0.24957142857142858,0.19497142857142857,0.0176,0.10688571428571429,0.23774285714285714,458,3100108,3,04,108
30400109,0.2729158878504673,0.2224859813084112,0.025850467289719625,0.08603738317757009,0.23203738317757008,462,3100109,3,04,109
30400110,0.227175,0.180825,0.017575,0.128875,0.228075,454,3100110,3,04,110
30400111,0.30335849056603775,0.24873584905660379,0.027452830188679247,0.07975471698113208,0.21556603773584906,463,3100111,3,04,111
30400112,0.2757121212121212,0.22986363636363635,0.019303030303030305,0.07875757575757576,0.2416818181818182,467,3100112,3,04,112
30400113,0.20656363636363637,0.211,0.01169090909090909,0.08141818181818182,0.2601090909090909,469,3100113,3,04,113
30400114,0.2365,0.21966,0.021,0.10552,0.26078,472,3100114,3,04,114
30400115,0.2633376623376623,0.2326103896103896,0.02061038961038961,0.09185714285714286,0.25737662337662337,479,3100115,3,04,115
30400116,0.3087032967032967,0.23615384615384616,0.020153846153846154,0.08125274725274725,0.21624175824175823,477,3100116,3,04,116
30400117,0.26263276836158195,0.2147005649717514,0.017830508474576272,0.07693785310734463,0.23616949152542374,501,3100117,3,04,117
30400118,0.2598341463414634,0.21985365853658537,0.02090731707317073,0.08919024390243903,0.24158048780487804,482,3100118,3,04,118
30400119,0.2965714285714286,0.23973714285714287,0.023965714285714285,0.09427428571428571,0.21771428571428572,481,3100119,3,04,119
30400121,0.21324675324675324,0.1821038961038961,0.022883116883116884,0.1449090909090909,0.2837142857142857,471,3100121,3,04,121
30400122,0.3778342541436464,0.27574585635359117,0.0447292817679558,0.07506077348066298,0.216353591160221,541,3100122,3,04,122
30400153,0.25806451612903225,0.20950537634408603,0.024473118279569894,0.1250752688172043,0.23941935483870969,453,3100153,3,04,153
30400607,0.26487417218543047,0.22197350993377485,0.023311258278145695,0.08549668874172185,0.24456953642384105,460,3100607,3,04,607
30400609,0.29418348623853213,0.23322935779816514,0.026220183486238533,0.09322935779816514,0.2286788990825688,457,3100609,3,04,609
30400614,0.33485185185185184,0.2394814814814815,0.03244444444444444,0.065,0.2084814814814815,473,3100614,3,04,614
30400615,0.28185714285714286,0.238,0.026693877551020408,0.10353061224489796,0.229,476,3100615,3,04,615
30400617,0.2693,0.21408181818181818,0.0262,0.10159090909090909,0.24935454545454547,537,3100617,3,04,617
30400618,0.26507382550335573,0.20838926174496644,0.024899328859060404,0.08315436241610738,0.23860402684563758,484,3100618,3,04,618
30400707,0.32803508771929824,0.22910526315789473,0.03098245614035088,0.07271929824561403,0.2275438596491228,449,3100707,3,04,707
30400717,0.2541923076923077,0.20734615384615385,0.023057692307692307,0.0985576923076923,0.23598076923076924,468,3100717,3,04,717
30400807,0.3089887640449438,0.24208988764044945,0.036674157303370786,0.08564044943820225,0.21991011235955057,452,3100807,3,04,807
30400817,0.22982022471910113,0.20822471910112358,0.016719101123595505,0.11319101123595506,0.24779775280898877,474,3100817,3,04,817
30400818,0.2505728155339806,0.2159126213592233,0.021339805825242718,0.08201941747572815,0.2638252427184466,486,3100818,3,04,818
30400907,0.2992359550561798,0.2292134831460674,0.03289887640449438,0.07525842696629213,0.22701123595505618,448,3100907,3,04,907
30400917,0.3081045751633987,0.23551633986928106,0.03462745098039216,0.08743790849673203,0.2403267973856209,464,3100917,3,04,917
30401117,0.3147471264367816,0.25722988505747124,0.03071264367816092,0.06888505747126437,0.22898850574712643,478,3101117,3,04,1117
30401118,0.2678640776699029,0.21774757281553397,0.0261747572815534,0.09062135922330097,0.24019417475728155,483,3101118,3,04,1118
30401122,0.21126923076923076,0.18196153846153845,0.01651923076923077,0.12742307692307692,0.2597884615384615,542,3101122,3,04,1122
30401607,0.24661714285714287,0.21162285714285714,0.019222857142857142,0.10593142857142857,0.24624,540,3101607,3,04,1607
30401617,0.29782035928143713,0.24176047904191617,0.02875449101796407,0.07901796407185628,0.25189221556886227,512,3101617,3,04,1617
30401717,0.25944329896907214,0.22463917525773197,0.019278350515463918,0.067340206185567,0.24344329896907216,470,3101717,3,04,1717
30401817,0.3107884615384615,0.24711538461538463,0.027519230769230768,0.07840384615384616,0.22567307692307692,524,3101817,3,04,1817
30401818,0.22836046511627908,0.18901162790697676,0.01972093023255814,0.10113953488372093,0.25883720930232557,480,3101818,3,04,1818
30401907,0.2103267973856209,0.20724183006535948,0.014993464052287582,0.08351633986928104,0.25958169934640524,450,3101907,3,04,1907
30401917,0.286625,0.22326785714285713,0.02157142857142857,0.07255357142857143,0.24071428571428571,466,3101917,3,04,1917
30402122,0.15920987654320987,0.1651111111111111,0.012074074074074074,0.14958024691358024,0.29288888888888887,543,3102122,3,04,2122
30402607,0.2810948905109489,0.24464233576642336,0.01964963503649635,0.06052554744525548,0.24902189781021897,522,3102607,3,04,2607
30402817,0.34431404958677686,0.24241322314049588,0.02722314049586777,0.06603305785123967,0.22659504132231406,533,3102817,3,04,2817
30402818,0.27422907488986786,0.238863436123348,0.0253920704845815,0.08577092511013217,0.25834361233480174,506,3102818,3,04,2818
30402907,0.244234375,0.203625,0.020765625,0.088703125,0.252359375,451,3102907,3,04,2907
30403122,0.21346153846153845,0.18302564102564103,0.015487179487179488,0.14707692307692308,0.25535897435897437,488,3103122,3,04,3122
30403607,0.24332710280373832,0.21373831775700936,0.01983177570093458,0.10536448598130842,0.24510280373831775,502,3103607,3,04,3607
30403817,0.27002,0.21336,0.02524,0.1069,0.24036,532,3103817,3,04,3817
30403818,0.27169444444444446,0.22941666666666666,0.02889814814814815,0.09590740740740741,0.2579537037037037,485,3103818,3,04,3818
30403907,0.20453846153846153,0.17476923076923076,0.014294871794871794,0.11475641025641026,0.26856410256410257,504,3103907,3,04,3907
30404817,0.26758333333333334,0.221125,0.034166666666666665,0.10379166666666667,0.24633333333333335,535,3104817,3,04,4817
30404818,0.2516307692307692,0.20428717948717948,0.021405128205128205,0.09676923076923077,0.24470769230769232,505,3104818,3,04,4818
30404907,0.28872289156626507,0.23272289156626505,0.026602409638554217,0.070144578313253,0.22853012048192772,503,3104907,3,04,4907
30405817,0.28284313725490196,0.22988235294117648,0.020294117647058824,0.06384313725490195,0.2687843137254902,534,3105817,3,04,5817
30405818,0.2712,0.22631794871794872,0.024235897435897436,0.09377435897435897,0.2486974358974359,528,3105818,3,04,5818
30405907,0.228859437751004,0.20402409638554217,0.020650602409638553,0.0821285140562249,0.25217670682730925,521,3105907,3,04,5907
30406817,0.35193197278911564,0.2788979591836735,0.03817687074829932,0.05069387755102041,0.22583673469387755,531,3106817,3,04,6817
30406818,0.28974285714285714,0.22634285714285715,0.026571428571428572,0.060014285714285714,0.25224285714285716,527,3106818,3,04,6818
30406907,0.29405128205128206,0.22544615384615385,0.02875897435897436,0.07648205128205128,0.2314974358974359,520,3106907,3,04,6907
30407817,0.30926315789473685,0.2443421052631579,0.03376315789473684,0.08342105263157895,0.25073684210526315,536,3107817,3,04,7817
30407818,0.2976402877697842,0.24415827338129498,0.023798561151079138,0.08923741007194244,0.2521294964028777,526,3107818,3,04,7818
30407907,0.20366666666666666,0.20010144927536233,0.017753623188405798,0.09589855072463768,0.2826086956521739,539,3107907,3,04,7907
30408818,0.36502255639097747,0.2889924812030075,0.03430075187969925,0.055473684210526314,0.23741353383458647,525,3108818,3,04,8818
30408907,0.2203720930232558,0.1913139534883721,0.019837209302325583,0.11377906976744186,0.2567906976744186,538,3108907,3,04,8907
30409818,0.2509270386266094,0.21200858369098713,0.0196137339055794,0.11606866952789699,0.262206008583691,529,3109818,3,04,9818
30409907,0.32211267605633803,0.27405633802816903,0.02616901408450704,0.0576056338028169,0.2244225352112676,514,3109907,3,04,9907
30410818,0.264793893129771,0.2095267175572519,0.023129770992366412,0.10487022900763358,0.24963358778625955,530,3110818,3,04,10818
30410907,0.2493968253968254,0.21666666666666667,0.024984126984126984,0.07828571428571429,0.2701904761904762,518,3110907,3,04,10907
30411818,0.26572380952380953,0.2209809523809524,0.027657142857142856,0.10283809523809524,0.2547047619047619,523,3111818,3,04,11818
30411907,0.2712755905511811,0.22626771653543307,0.024976377952755906,0.07755905511811023,0.24691338582677166,516,3111907,3,04,11907
30412818,0.252675,0.214575,0.0235625,0.0972875,0.2579875,511,3112818,3,04,12818
30412907,0.33596,0.27784,0.02896,0.08268,0.25328,515,3112907,3,04,12907
30413907,0.35714285714285715,0.2946,0.029,0.0612,0.24285714285714285,517,3113907,3,04,13907
30414907,0.2695,0.19872727272727272,0.014272727272727274,0.053909090909090907,0.236,519,3114907,3,04,14907
30415907,0.22946341463414635,0.19063414634146342,0.015170731707317073,0.07795121951219512,0.24370731707317073,513,3115907,3,04,15907
30500101,0.23995620437956205,0.14604379562043796,0.017226277372262774,0.19605839416058393,0.271036496350365,393,3100101,3,05,101
30500102,0.29541333333333336,0.21386666666666668,0.021920000000000002,0.09,0.2944,409,3100102,3,05,102
30500103,0.3164409448818898,0.22198425196850394,0.027181102362204723,0.08674015748031497,0.26456692913385826,400,3100103,3,05,103
30500104,0.21948,0.19104,0.01864,0.13778,0.31736,414,3100104,3,05,104
30500121,0.3916699029126214,0.23866019417475728,0.04097087378640777,0.10328155339805825,0.21996116504854368,392,3100121,3,05,121
30501101,0.45771641791044776,0.32744776119402985,0.043522388059701496,0.026746268656716417,0.22523880597014925,420,3101101,3,05,1101
30501102,0.3247909604519774,0.264,0.03383050847457627,0.06385310734463277,0.2547457627118644,410,3101102,3,05,1102
30501103,0.3395353535353535,0.259010101010101,0.025292929292929294,0.05393939393939394,0.27854545454545454,401,3101103,3,05,1103
30501104,0.2490188679245283,0.19920754716981132,0.020490566037735847,0.1328301886792453,0.304,396,3101104,3,05,1104
30502101,0.2757806451612903,0.1912258064516129,0.02,0.11330322580645161,0.2657935483870968,407,3102101,3,05,2101
30502102,0.3229763779527559,0.23930708661417321,0.029118110236220473,0.06352755905511812,0.2614330708661417,411,3102102,3,05,2102
30502103,0.24578947368421053,0.18145263157894737,0.023494736842105263,0.14970526315789473,0.28246315789473686,402,3102103,3,05,2103
30502104,0.26401047120418847,0.20981151832460734,0.024240837696335078,0.103717277486911,0.3079476439790576,397,3102104,3,05,2104
30503101,0.27297435897435895,0.20743589743589744,0.02187692307692308,0.11837948717948718,0.2743897435897436,408,3103101,3,05,3101
30503102,0.355968,0.273424,0.032832,0.052256,0.272192,412,3103102,3,05,3102
30503103,0.2483551401869159,0.20370093457943925,0.020093457943925235,0.12044859813084112,0.3014392523364486,403,3103103,3,05,3103
30503104,0.2492,0.20374285714285714,0.017814285714285713,0.11592857142857142,0.31114285714285717,398,3103104,3,05,3104
30504102,0.3537872340425532,0.2527872340425532,0.024595744680851062,0.056063829787234044,0.28014893617021275,413,3104102,3,05,4102
30504103,0.24742483660130718,0.2055686274509804,0.019738562091503268,0.12456209150326797,0.30197385620915035,404,3104103,3,05,4103
30504104,0.2339090909090909,0.20136363636363636,0.01868181818181818,0.15695454545454546,0.29109090909090907,395,3104104,3,05,4104
30505102,0.3375221238938053,0.2599115044247788,0.027256637168141595,0.055168141592920356,0.27334513274336286,399,3105102,3,05,5102
30505103,0.3458842105263158,0.2325684210526316,0.03236842105263158,0.08294736842105263,0.26217894736842107,405,3105103,3,05,5103
30505104,0.19950495049504952,0.17178217821782177,0.016435643564356436,0.20736633663366336,0.30207920792079207,394,3105104,3,05,5104
30506102,0.2588923076923077,0.19184615384615386,0.020892307692307693,0.16986153846153845,0.2814923076923077,419,3106102,3,05,6102
30506103,0.3019855072463768,0.22282608695652173,0.02017391304347826,0.0788695652173913,0.27266666666666667,406,3106103,3,05,6103
30507102,0.22414634146341464,0.18965853658536586,0.013121951219512195,0.13565853658536586,0.2986341463414634,418,3107102,3,05,7102
30508102,0.26459016393442625,0.20237704918032787,0.023934426229508195,0.13978688524590163,0.29160655737704916,417,3108102,3,05,8102
30509102,0.26081632653061226,0.21918367346938775,0.022224489795918366,0.12053061224489796,0.28177551020408165,416,3109102,3,05,9102
30510102,0.23096551724137931,0.1569655172413793,0.016229885057471263,0.16004597701149426,0.2885057471264368,421,3110102,3,05,10102
30511102,0.15928813559322033,0.11213559322033899,0.01264406779661017,0.257864406779661,0.2983050847457627,415,3111102,3,05,11102
31200102,0.6584571428571429,0.48182857142857144,0.0948,0.0037714285714285714,0.13394285714285714,323,3200102,3,12,102
31200103,0.4856521739130435,0.3636521739130435,0.08921739130434783,0.03269565217391304,0.19034782608695652,386,3200103,3,12,103
31200104,0.4136030534351145,0.31482442748091605,0.07241221374045802,0.03419847328244275,0.1829770992366412,336,3200104,3,12,104
31200105,0.3179302325581395,0.2858372093023256,0.04744186046511628,0.05,0.2046046511627907,326,3200105,3,12,105
31200106,0.31,0.27357894736842103,0.05278070175438596,0.0513421052631579,0.21235964912280703,341,3200106,3,12,106
31200107,0.3137974683544304,0.2617721518987342,0.0529620253164557,0.06693670886075949,0.23212658227848101,372,3200107,3,12,107
31200108,0.4845531914893617,0.34408510638297873,0.08480851063829788,0.014127659574468085,0.1499148936170213,339,3200108,3,12,108
31200109,0.2599516129032258,0.23046774193548386,0.03979032258064516,0.0757258064516129,0.2170967741935484,370,3200109,3,12,109
31200110,0.20421505376344085,0.18240860215053764,0.03423655913978495,0.12116129032258065,0.2745806451612903,365,3200110,3,12,110
31200113,0.5009074074074074,0.3343333333333333,0.08522222222222223,0.03270370370370371,0.12824074074074074,378,3200113,3,12,113
31200114,0.314056338028169,0.26661971830985914,0.04991549295774648,0.050901408450704226,0.224,375,3200114,3,12,114
31200116,0.24242105263157895,0.21068421052631578,0.04342105263157895,0.09744736842105263,0.26626315789473687,380,3200116,3,12,116
31200117,0.578,0.396,0.034,0,0.038,387,3200117,3,12,117
31200118,0.448875,0.33215625,0.0786875,0.031281250000000003,0.163125,337,3200118,3,12,118
31200120,0.32339285714285715,0.24735714285714286,0.04321428571428571,0.09367857142857143,0.22042857142857142,319,3200120,3,12,120
31200124,0.3202926829268293,0.2729756097560976,0.06619512195121952,0.03970731707317073,0.21990243902439024,335,3200124,3,12,124
31200604,0.30233519553072624,0.26412290502793295,0.049206703910614526,0.0687709497206704,0.21736312849162012,327,3200604,3,12,604
31200610,0.11448780487804879,0.09580487804878049,0.02170731707317073,0.30253658536585365,0.3115121951219512,353,3200610,3,12,610
31200616,0.32466666666666666,0.26046153846153847,0.06697435897435898,0.06066666666666667,0.19902564102564102,332,3200616,3,12,616
31200660,0.304,0.2316,0.0464,0.222,0.27,324,3200660,3,12,660
31200670,0.23373118279569893,0.1901505376344086,0.03273118279569893,0.12324731182795699,0.25225806451612903,325,3200670,3,12,670
31200816,0.44427272727272726,0.31863636363636366,0.06445454545454546,0.014545454545454545,0.16127272727272726,333,3200816,3,12,816
31201103,0.3907512195121951,0.3235609756097561,0.0640390243902439,0.05291707317073171,0.20297560975609755,385,3201103,3,12,1103
31201107,0.29361764705882354,0.2656176470588235,0.06088235294117647,0.04294117647058823,0.218,368,3201107,3,12,1107
31201109,0.254865671641791,0.23092537313432837,0.04402985074626866,0.06605970149253731,0.22576119402985076,334,3201109,3,12,1109
31201110,0.2708541666666667,0.22529166666666667,0.051229166666666666,0.08666666666666667,0.2245,371,3201110,3,12,1110
31201113,0.26566666666666666,0.22274666666666668,0.0524,0.07097333333333333,0.22574666666666668,331,3201113,3,12,1113
31201114,0.27279432624113475,0.23035460992907802,0.048964539007092196,0.07236879432624113,0.24208510638297873,376,3201114,3,12,1114
31201116,0.18632941176470588,0.17334117647058825,0.03670588235294118,0.11070588235294118,0.25828235294117646,381,3201116,3,12,1116
31201120,0.2891066666666667,0.24894666666666668,0.03542666666666667,0.06604,0.22436,322,3201120,3,12,1120
31201124,0.30544,0.2684,0.05968,0.04208,0.1888,367,3201124,3,12,1124
31201604,0.21130864197530863,0.18292592592592594,0.035160493827160494,0.10718518518518519,0.24902469135802469,369,3201604,3,12,1604
31201610,0.11040816326530613,0.09424489795918367,0.02085714285714286,0.2938775510204082,0.3382857142857143,354,3201610,3,12,1610
31201660,0.31596610169491524,0.2409491525423729,0.0483728813559322,0.09845762711864407,0.22430508474576272,344,3201660,3,12,1660
31201670,0.2243820224719101,0.19364044943820224,0.03558426966292135,0.10549438202247191,0.2592921348314607,347,3201670,3,12,1670
31202103,0.42615384615384616,0.33353846153846156,0.06805128205128205,0.04958974358974359,0.17876923076923076,343,3202103,3,12,2103
31202107,0.3325925925925926,0.28424074074074074,0.060703703703703704,0.04775925925925926,0.1990925925925926,340,3202107,3,12,2107
31202110,0.2336198347107438,0.21722314049586777,0.04100826446280992,0.08109090909090909,0.23297520661157026,366,3202110,3,12,2110
31202113,0.2693617021276596,0.21485106382978725,0.045276595744680855,0.06940425531914894,0.202,379,3202113,3,12,2113
31202114,0.36984848484848487,0.2956969696969697,0.07848484848484849,0.037636363636363634,0.18166666666666667,330,3202114,3,12,2114
31202116,0.24085714285714285,0.17885714285714285,0.024999999999999998,0.185,0.22528571428571428,384,3202116,3,12,2116
31202120,0.32087012987012986,0.251987012987013,0.04061038961038961,0.08876623376623377,0.22972727272727272,321,3202120,3,12,2120
31202604,0.24948979591836734,0.21059183673469387,0.04157142857142857,0.10536734693877552,0.24408163265306124,328,3202604,3,12,2604
31202610,0.1291578947368421,0.11140350877192982,0.02266666666666667,0.18763157894736843,0.3032280701754386,355,3202610,3,12,2610
31202660,0.31339759036144577,0.2618192771084337,0.04740963855421687,0.06202409638554217,0.213,349,3202660,3,12,2660
31203110,0.240275,0.2045,0.043025,0.08875,0.2357375,342,3203110,3,12,3110
31203114,0.3224444444444444,0.2699047619047619,0.0453968253968254,0.05234920634920635,0.2053015873015873,377,3203114,3,12,3114
31203116,0.16033333333333333,0.15064102564102563,0.03217948717948718,0.12197435897435897,0.2988461538461539,382,3203116,3,12,3116
31203120,0.28546938775510206,0.2510204081632653,0.04883673469387755,0.07238775510204082,0.21953061224489795,318,3203120,3,12,3120
31203610,0.2747152317880795,0.225841059602649,0.04356291390728477,0.09305960264900662,0.23724503311258277,356,3203610,3,12,3610
31203660,0.21,0.2117777777777778,0.04225925925925926,0.0961111111111111,0.2636296296296296,348,3203660,3,12,3660
31204116,0.21671052631578946,0.1765,0.03521052631578948,0.12310526315789473,0.24726315789473685,383,3204116,3,12,4116
31204610,0.274070796460177,0.24033628318584072,0.04345132743362832,0.06461946902654868,0.24548672566371682,358,3204610,3,12,4610
31204660,0.12442105263157895,0.11457894736842106,0.022263157894736842,0.17768421052631578,0.29405263157894734,345,3204660,3,12,4660
31205116,0.21483333333333332,0.1955952380952381,0.03628571428571429,0.09766666666666667,0.25485714285714284,373,3205116,3,12,5116
31205610,0.29982608695652174,0.23273913043478262,0.051869565217391306,0.09030434782608696,0.23600000000000002,357,3205610,3,12,5610
31205660,0.1705084745762712,0.17352542372881355,0.028915254237288135,0.12854237288135592,0.2591186440677966,346,3205660,3,12,5660
31206116,0.24857943925233644,0.2176822429906542,0.03927102803738318,0.07183177570093457,0.22844859813084112,374,3206116,3,12,6116
31206610,0.2900677966101695,0.2473050847457627,0.04777966101694915,0.09138983050847457,0.2383728813559322,359,3206610,3,12,6610
31206660,0.19208219178082192,0.18287671232876712,0.03956164383561644,0.15353424657534245,0.2757534246575342,350,3206660,3,12,6660
31207116,0.2825853658536585,0.24721951219512195,0.04629268292682927,0.060585365853658535,0.21809756097560976,329,3207116,3,12,7116
31207610,0.2946906474820144,0.22772661870503597,0.047453237410071944,0.1121294964028777,0.2347338129496403,360,3207610,3,12,7610
31207660,0.21823711340206187,0.19091752577319587,0.03738144329896907,0.1057319587628866,0.26729896907216494,361,3207660,3,12,7660
31208610,0.1299,0.1191,0.0178,0.1822,0.278,338,3208610,3,12,8610
31208660,0.17339805825242718,0.15811650485436893,0.03159223300970874,0.11318446601941748,0.2912233009708738,351,3208660,3,12,8660
31209610,0.18383132530120483,0.1495421686746988,0.022578313253012048,0.18127710843373493,0.28397590361445785,352,3209610,3,12,9610
31210660,0.25029032258064515,0.206,0.03896774193548387,0.11135483870967743,0.21954838709677418,362,3210660,3,12,10660
31211660,0.10203389830508475,0.10172881355932203,0.03247457627118644,0.16671186440677965,0.29559322033898305,363,3211660,3,12,11660
31212660,0.13721875,0.126921875,0.0239375,0.191859375,0.287375,364,3212660,3,12,12660
40600101,0.29477894736842103,0.2576421052631579,0.030442105263157895,0.08890526315789474,0.25077894736842105,313,4100101,4,06,101
40600102,0.13941772151898735,0.13744303797468355,0.011088607594936708,0.24853164556962026,0.2952405063291139,306,4100102,4,06,102
40600103,0.18707894736842104,0.17105263157894737,0.0155,0.1503157894736842,0.2621842105263158,307,4100103,4,06,103
40600104,0.15766666666666668,0.15166666666666667,0.011476190476190477,0.15926984126984126,0.2666825396825397,304,4100104,4,06,104
40600105,0.14687272727272727,0.14007272727272727,0.010381818181818181,0.1825090909090909,0.2708181818181818,317,4100105,4,06,105
40600106,0.2064235294117647,0.19174117647058825,0.015929411764705883,0.15068235294117646,0.2612235294117647,308,4100106,4,06,106
40600108,0.1742549019607843,0.17405882352941177,0.01307843137254902,0.16256862745098039,0.2661764705882353,302,4100108,4,06,108
40600109,0.10577777777777778,0.10537777777777778,0.007244444444444444,0.2743555555555556,0.30764444444444444,300,4100109,4,06,109
40600110,0.14953684210526316,0.12913684210526316,0.01425263157894737,0.2103157894736842,0.2840842105263158,305,4100110,4,06,110
40600111,0.33232,0.304112,0.040976,0.056624,0.237648,311,4100111,4,06,111
40600201,0.5228771929824562,0.3794561403508772,0.061982456140350875,0.018157894736842106,0.16463157894736843,286,4100201,4,06,201
40600202,0.408761421319797,0.3479289340101523,0.05181725888324873,0.03565482233502538,0.20923857868020304,312,4100202,4,06,202
40600203,0.48136153846153845,0.3559307692307692,0.06524615384615384,0.03713076923076923,0.17476923076923076,292,4100203,4,06,203
40600318,0.39210416666666664,0.30335416666666665,0.04435416666666667,0.09204166666666666,0.21710416666666665,287,4100318,4,06,318
40601109,0.11752112676056338,0.11566197183098592,0.007408450704225352,0.21864788732394366,0.28763380281690143,303,4101109,4,06,1109
40601110,0.14752317880794702,0.1312317880794702,0.01203973509933775,0.20112582781456953,0.2879205298013245,315,4101110,4,06,1110
40602101,0.14172602739726028,0.11501369863013698,0.008904109589041096,0.24282191780821918,0.3037808219178082,299,4102101,4,06,2101
40602109,0.09957575757575758,0.11427272727272728,0.0047272727272727275,0.19542424242424242,0.3093939393939394,301,4102109,4,06,2109
40602110,0.13093023255813954,0.13309302325581396,0.010116279069767442,0.18695348837209302,0.29630232558139535,294,4102110,4,06,2110
40603101,0.12135897435897436,0.12784615384615386,0.00841025641025641,0.19553846153846155,0.29094871794871796,297,4103101,4,06,3101
40603110,0.1634018691588785,0.15121495327102805,0.013327102803738318,0.16682242990654206,0.2832897196261682,295,4103110,4,06,3110
40604101,0.11617857142857142,0.11728571428571428,0.006821428571428571,0.2057142857142857,0.2865,291,4104101,4,06,4101
40604110,0.29136666666666666,0.2728,0.029066666666666668,0.0702,0.2564666666666667,296,4104110,4,06,4110
40605101,0.22748837209302325,0.17530232558139536,0.018232558139534883,0.146,0.24651162790697675,288,4105101,4,06,5101
40605110,0.34724503311258276,0.31279470198675496,0.03721854304635762,0.05459602649006622,0.2349271523178808,298,4105110,4,06,5110
40606101,0.09782692307692308,0.09453846153846154,0.004423076923076923,0.2627884615384615,0.3161346153846154,289,4106101,4,06,6101
40606110,0.3267560975609756,0.29178048780487803,0.036024390243902436,0.08365853658536586,0.23129268292682928,293,4106110,4,06,6110
40607101,0.09865625,0.0875625,0.00453125,0.2255625,0.29490625,290,4107101,4,06,7101
40610110,0.14398373983739837,0.12486178861788617,0.013934959349593497,0.17539837398373984,0.28104065040650406,316,4110110,4,06,10110
40610111,0.29926605504587156,0.27515596330275227,0.028477064220183486,0.0798348623853211,0.2476697247706422,309,4110111,4,06,10111
40611110,0.29368316831683167,0.24582178217821782,0.029465346534653467,0.07714851485148515,0.24344554455445544,314,4111110,4,06,11110
40620111,0.33553982300884955,0.2970973451327434,0.03649557522123894,0.0548141592920354,0.23341592920353982,310,4120111,4,06,20111
40700201,0.26925,0.24878571428571428,0.026910714285714284,0.08330357142857144,0.23858928571428573,275,4100201,4,07,201
40700202,0.2863225806451613,0.2461290322580645,0.026258064516129033,0.06714516129032258,0.23208064516129032,276,4100202,4,07,202
40700203,0.27741176470588236,0.24201680672268908,0.026084033613445377,0.07608403361344537,0.2361344537815126,280,4100203,4,07,203
40700204,0.24936923076923076,0.2178,0.02533846153846154,0.08807692307692308,0.24736923076923076,281,4100204,4,07,204
40700205,0.32382222222222223,0.27784444444444445,0.03875555555555556,0.06191111111111111,0.24022222222222223,283,4100205,4,07,205
40700206,0.6003636363636364,0.42727272727272725,0.11345454545454546,0.019090909090909092,0.09218181818181818,270,4100206,4,07,206
40700207,0.5787368421052632,0.3917894736842105,0.05578947368421053,0.02063157894736842,0.1296842105263158,271,4100207,4,07,207
40700208,0.416375,0.3455625,0.049937499999999996,0.0463125,0.19975,273,4100208,4,07,208
40700209,0.3016086956521739,0.2436086956521739,0.03591304347826087,0.07178260869565217,0.24004347826086955,279,4100209,4,07,209
40700701,0.27928057553956837,0.256431654676259,0.025280575539568344,0.07258992805755396,0.23385611510791368,274,4100701,4,07,701
40701202,0.27491044776119405,0.2491044776119403,0.028194029850746267,0.08550746268656717,0.24785074626865672,277,4101202,4,07,1202
40701203,0.2611652173913043,0.24123478260869566,0.026504347826086957,0.09471304347826087,0.24968695652173914,285,4101203,4,07,1203
40701205,0.2929583333333333,0.2596875,0.03370833333333333,0.07858333333333334,0.2496875,282,4101205,4,07,1205
40702202,0.38734146341463416,0.32521951219512196,0.042463414634146344,0.039121951219512195,0.19273170731707318,278,4102202,4,07,2202
40702203,0.28623809523809524,0.2388095238095238,0.03261904761904762,0.08366666666666667,0.24533333333333335,284,4102203,4,07,2203
40702205,0.22978378378378378,0.2138918918918919,0.018756756756756757,0.12291891891891892,0.25551351351351353,272,4102205,4,07,2205
40800101,0.1930864197530864,0.18750617283950619,0.01634567901234568,0.15558024691358024,0.2653333333333333,240,4100101,4,08,101
40800102,0.25160509554140126,0.2139235668789809,0.023579617834394904,0.0989171974522293,0.2446751592356688,259,4100102,4,08,102
40800103,0.2290909090909091,0.21788429752066116,0.015520661157024794,0.08366942148760331,0.23659504132231404,246,4100103,4,08,103
40800104,0.2807682119205298,0.24116556291390728,0.029178807947019866,0.07479470198675496,0.2367814569536424,253,4100104,4,08,104
40800107,0.3750434782608696,0.2673913043478261,0.04556521739130435,0.09060869565217392,0.19878260869565217,239,4100107,4,08,107
40800108,0.19149253731343283,0.17791044776119402,0.014507462686567165,0.1955820895522388,0.31128358208955226,263,4100108,4,08,108
40800109,0.2029074074074074,0.19107407407407406,0.01675925925925926,0.11175925925925925,0.25725925925925924,245,4100109,4,08,109
40800110,0.2659462365591398,0.2434516129032258,0.026494623655913978,0.09850537634408603,0.2645161290322581,252,4100110,4,08,110
40800111,0.2328235294117647,0.1958235294117647,0.02007843137254902,0.10515686274509804,0.24749019607843137,244,4100111,4,08,111
40800112,0.25721875,0.240578125,0.027125,0.0828125,0.264203125,251,4100112,4,08,112
40800113,0.28985106382978726,0.2541063829787234,0.03185106382978723,0.07142553191489362,0.2515531914893617,250,4100113,4,08,113
40800114,0.17839344262295082,0.1820983606557377,0.018065573770491804,0.1461311475409836,0.2827868852459016,269,4100114,4,08,114
40800601,0.23059310344827585,0.21613793103448276,0.017420689655172412,0.11593103448275863,0.24915862068965516,247,4100601,4,08,601
40800602,0.23279166666666667,0.2117777777777778,0.016166666666666666,0.12743055555555555,0.23798611111111112,254,4100602,4,08,602
40801102,0.19183333333333333,0.16683333333333333,0.018166666666666668,0.160625,0.29833333333333334,260,4101102,4,08,1102
40801108,0.22246280991735537,0.22153719008264464,0.020644628099173553,0.12171900826446282,0.2619669421487603,262,4101108,4,08,1108
40801110,0.22770454545454547,0.21922727272727272,0.01997727272727273,0.10075,0.2837954545454545,255,4101110,4,08,1110
40801111,0.23462921348314608,0.21029213483146067,0.017258426966292133,0.09710112359550561,0.2576629213483146,242,4101111,4,08,1111
40801112,0.21411363636363637,0.20970454545454545,0.019113636363636364,0.09811363636363636,0.28256818181818183,258,4101112,4,08,1112
40801113,0.244,0.24029090909090908,0.022836363636363637,0.07463636363636364,0.26332727272727274,249,4101113,4,08,1113
40801114,0.21839999999999998,0.20568571428571428,0.021685714285714287,0.11002857142857143,0.2755714285714286,268,4101114,4,08,1114
40802108,0.19325,0.172375,0.028,0.1665,0.24475,261,4102108,4,08,2108
40802111,0.2214909090909091,0.21574545454545455,0.021054545454545454,0.12665454545454546,0.2596,243,4102111,4,08,2111
40802112,0.23257142857142857,0.22703571428571429,0.022964285714285715,0.11442857142857142,0.28714285714285714,257,4102112,4,08,2112
40802113,0.17533333333333334,0.16666666666666666,0.008,0.092,0.27599999999999997,248,4102113,4,08,2113
40802114,0.2630909090909091,0.2050909090909091,0.02821818181818182,0.08596363636363637,0.27665454545454543,267,4102114,4,08,2114
40803108,0.25008888888888886,0.23964444444444444,0.01911111111111111,0.06657777777777778,0.23706666666666668,264,4103108,4,08,3108
40803111,0.546,0.381,0.03833333333333333,6.666666666666666e-4,0.15,241,4103111,4,08,3111
40803113,0.19504761904761905,0.18023809523809523,0.014523809523809524,0.1524761904761905,0.303952380952381,256,4103113,4,08,3113
40804108,0.3476842105263158,0.27221052631578946,0.053263157894736846,0.04663157894736842,0.2296842105263158,265,4104108,4,08,4108
40805108,0.6022962962962963,0.3844444444444445,0.06814814814814815,0.025037037037037038,0.08244444444444445,266,4105108,4,08,5108
40900105,0.2437094972067039,0.22362011173184357,0.020569832402234638,0.09839106145251397,0.2532290502793296,236,4100105,4,09,105
40900106,0.30660714285714286,0.2638035714285714,0.029625,0.07724107142857142,0.2339375,226,4100106,4,09,106
40900107,0.31622680412371135,0.2598556701030928,0.035484536082474226,0.06653608247422681,0.23336082474226805,225,4100107,4,09,107
40900108,0.3315744680851064,0.28727659574468084,0.03906382978723404,0.07685106382978724,0.248,237,4100108,4,09,108
40901105,0.2648235294117647,0.24833613445378153,0.02519327731092437,0.07514285714285714,0.2513613445378151,235,4101105,4,09,1105
40901106,0.21751578947368422,0.20213684210526317,0.016578947368421054,0.09322105263157894,0.2674,227,4101106,4,09,1106
40901107,0.3567592592592593,0.2890185185185185,0.04390740740740741,0.05401851851851852,0.22442592592592592,224,4101107,4,09,1107
40901108,0.35394029850746267,0.31101492537313435,0.041044776119402986,0.04725373134328358,0.23602985074626867,234,4101108,4,09,1108
40902105,0.29990243902439023,0.2800650406504065,0.0288130081300813,0.0544390243902439,0.24676422764227643,238,4102105,4,09,2105
40902106,0.22278823529411765,0.20796470588235294,0.01918823529411765,0.09935294117647059,0.2591411764705882,229,4102106,4,09,2106
40902107,0.2055081967213115,0.1961311475409836,0.018295081967213116,0.1121311475409836,0.2643606557377049,230,4102107,4,09,2107
40902108,0.2791594202898551,0.25028985507246376,0.03136231884057971,0.06544927536231884,0.24133333333333334,233,4102108,4,09,2108
40903105,0.32443835616438355,0.2788219178082192,0.03715068493150685,0.044876712328767124,0.22665753424657534,232,4103105,4,09,3105
40903106,0.2352121212121212,0.2275151515151515,0.02008080808080808,0.10036363636363636,0.27365656565656565,228,4103106,4,09,3106
40903108,0.22152293577981652,0.18994495412844037,0.01979816513761468,0.08726605504587157,0.27238532110091745,231,4103108,4,09,3108
41200301,0.28089473684210525,0.26552631578947367,0.038684210526315786,0.061421052631578946,0.2016842105263158,170,4200301,4,12,301
41200302,0.3334285714285714,0.2671607142857143,0.058875,0.04326785714285714,0.19305357142857144,162,4200302,4,12,302
41200303,0.4360884955752212,0.33568141592920353,0.06334513274336283,0.013876106194690265,0.16307964601769911,190,4200303,4,12,303
41200304,0.3309111111111111,0.2856,0.05555555555555556,0.06188888888888889,0.2031111111111111,217,4200304,4,12,304
41200305,0.32237037037037036,0.2434814814814815,0.058666666666666666,0.07977777777777778,0.22155555555555556,163,4200305,4,12,305
41200306,0.2860449438202247,0.2597752808988764,0.04287640449438202,0.06595505617977528,0.23197752808988764,150,4200306,4,12,306
41200307,0.33768813559322036,0.27533559322033896,0.05250847457627118,0.049735593220338985,0.21701694915254238,164,4200307,4,12,307
41200308,0.5743380281690141,0.4237323943661972,0.10343661971830986,0.020422535211267606,0.16687323943661972,156,4200308,4,12,308
41200309,0.3718675496688742,0.3098278145695364,0.06251655629139073,0.03613245033112583,0.22181456953642384,171,4200309,4,12,309
41200312,0.5214,0.2894,0.055,0.0482,0.1338,172,4200312,4,12,312
41200313,0.416287037037037,0.33237037037037037,0.06700925925925925,0.02813888888888889,0.1761111111111111,184,4200313,4,12,313
41200314,0.25825,0.18325,0.0445625,0.164,0.2399375,157,4200314,4,12,314
41200315,0.29733333333333334,0.24655555555555556,0.04938888888888889,0.07577777777777778,0.24003703703703705,160,4200315,4,12,315
41200316,0.3497857142857143,0.26989285714285716,0.049107142857142856,0.048607142857142856,0.22092857142857142,213,4200316,4,12,316
41200317,0.28577450980392155,0.232,0.029901960784313727,0.14979411764705883,0.24661764705882352,218,4200317,4,12,317
41200318,0.5438129496402878,0.38696402877697844,0.10402877697841727,0.031496402877697845,0.14046043165467625,212,4200318,4,12,318
41200815,0.33575757575757575,0.2923636363636364,0.05248484848484849,0.0742020202020202,0.24246464646464647,206,4200815,4,12,815
41200816,0.6114054054054054,0.4050810810810811,0.142,0.018756756756756757,0.13237837837837838,152,4200816,4,12,816
41200817,0.31203125,0.27278125,0.038,0.06715625,0.23140625,197,4200817,4,12,817
41200818,0.2962168674698795,0.24708433734939758,0.04455421686746988,0.06245783132530121,0.2279277108433735,202,4200818,4,12,818
41200865,0.20625,0.193375,0.03415625,0.10865625,0.25709375,201,4200865,4,12,865
41201302,0.31443956043956045,0.2701098901098901,0.047274725274725274,0.040461538461538465,0.20676923076923076,214,4201302,4,12,1302
41201303,0.3657515923566879,0.2989617834394904,0.05724203821656051,0.028662420382165606,0.20171974522292993,161,4201303,4,12,1303
41201304,0.4216153846153846,0.31109230769230767,0.06763076923076923,0.0514,0.1858923076923077,155,4201304,4,12,1304
41201305,0.34242222222222224,0.2967111111111111,0.058222222222222224,0.07086666666666668,0.20902222222222222,153,4201305,4,12,1305
41201306,0.26761061946902653,0.24516814159292036,0.049292035398230086,0.05353982300884956,0.25373451327433627,149,4201306,4,12,1306
41201307,0.31514285714285717,0.28130357142857143,0.05298214285714286,0.04757142857142857,0.2339642857142857,166,4201307,4,12,1307
41201313,0.3726746987951807,0.317710843373494,0.05872289156626506,0.0612289156626506,0.20742168674698797,181,4201313,4,12,1313
41201314,0.5526428571428571,0.37442857142857144,0.09557142857142857,0.01764285714285714,0.1287142857142857,183,4201314,4,12,1314
41201315,0.25446511627906976,0.2263720930232558,0.04853488372093023,0.08509302325581396,0.24493023255813953,200,4201315,4,12,1315
41201316,0.350384,0.301392,0.057616,0.041984,0.200736,173,4201316,4,12,1316
41201317,0.31451301115241637,0.2400371747211896,0.03304832713754647,0.1266171003717472,0.24118215613382898,159,4201317,4,12,1317
41201318,0.5456578947368421,0.3909078947368421,0.09622368421052632,0.025249999999999998,0.15372368421052632,179,4201318,4,12,1318
41201815,0.42622047244094485,0.3578031496062992,0.0765984251968504,0.02890551181102362,0.19600787401574804,168,4201815,4,12,1815
41201816,0.27795121951219515,0.2508048780487805,0.047365853658536586,0.06602439024390244,0.23692682926829267,219,4201816,4,12,1816
41201817,0.29675,0.254,0.05795,0.0608,0.24155,195,4201817,4,12,1817
41201865,0.3584827586206897,0.28179310344827585,0.05482758620689655,0.05893103448275862,0.24113793103448275,176,4201865,4,12,1865
41202302,0.3468611111111111,0.2753888888888889,0.050027777777777775,0.05577777777777778,0.19752777777777777,151,4202302,4,12,2302
41202303,0.361776,0.315216,0.059216,0.016656,0.223312,191,4202303,4,12,2303
41202305,0.38425563909774435,0.3173533834586466,0.06971428571428571,0.048390977443609026,0.20058646616541354,223,4202305,4,12,2305
41202307,0.44758461538461536,0.32744615384615383,0.07046153846153846,0.015138461538461538,0.18626153846153845,215,4202307,4,12,2307
41202309,0.38535294117647056,0.3140980392156863,0.06974509803921569,0.03194117647058824,0.20331372549019608,216,4202309,4,12,2309
41202313,0.5084166666666666,0.40075,0.08225,0.018361111111111113,0.14897222222222223,182,4202313,4,12,2313
41202315,0.250015873015873,0.21973015873015872,0.03746031746031746,0.06976190476190476,0.22873015873015873,207,4202315,4,12,2315
41202318,0.526328125,0.391515625,0.0825,0.035328125,0.168875,165,4202318,4,12,2318
41202815,0.46862937062937066,0.38036363636363635,0.09665734265734266,0.01993006993006993,0.1831048951048951,189,4202815,4,12,2815
41202816,0.3051304347826087,0.2808695652173913,0.060608695652173916,0.051956521739130436,0.23395652173913042,194,4202816,4,12,2816
41202817,0.4134794520547945,0.3495890410958904,0.0672054794520548,0.027068493150684932,0.21684931506849314,198,4202817,4,12,2817
41203303,0.3193783783783784,0.2765945945945946,0.05891891891891892,0.037567567567567565,0.22594594594594594,192,4203303,4,12,3303
41203309,0.35936,0.28577600000000003,0.054496,0.047296,0.232256,174,4203309,4,12,3309
41203313,0.3207814569536424,0.28602649006622516,0.05500662251655629,0.04720529801324504,0.18974834437086094,169,4203313,4,12,3313
41203315,0.22584158415841585,0.21344554455445544,0.039386138613861386,0.056534653465346536,0.24277227722772277,208,4203315,4,12,3315
41203318,0.6518139534883721,0.3243720930232558,0.10995348837209303,0.04423255813953488,0.10302325581395348,211,4203318,4,12,3318
41203815,0.25022222222222223,0.23977777777777778,0.03404938271604938,0.08306172839506173,0.2434814814814815,204,4203815,4,12,3815
41203816,0.4714901960784314,0.37045098039215685,0.07809803921568627,0.02531372549019608,0.16927450980392156,167,4203816,4,12,3816
41203817,0.469906976744186,0.3471627906976744,0.07606976744186046,0.040697674418604654,0.16613953488372094,196,4203817,4,12,3817
41204303,0.47826315789473683,0.3340526315789474,0.05818421052631579,0.019842105263157894,0.18568421052631578,158,4204303,4,12,4303
41204313,0.4196144578313253,0.32744578313253014,0.07462650602409639,0.04530120481927711,0.18790361445783132,180,4204313,4,12,4313
41204315,0.32457142857142857,0.2507857142857143,0.061,0.053214285714285714,0.18435714285714286,178,4204315,4,12,4315
41204318,0.4521505376344086,0.3490752688172043,0.07843010752688172,0.04062365591397849,0.18047311827956988,210,4204318,4,12,4318
41204815,0.36642857142857144,0.2981785714285714,0.05110714285714286,0.043,0.19207142857142856,203,4204815,4,12,4815
41204816,0.3578222222222222,0.26513333333333333,0.0468,0.06013333333333333,0.1860888888888889,193,4204816,4,12,4816
41205318,0.4624615384615385,0.30666666666666664,0.07046153846153846,0.03876923076923077,0.13394871794871796,209,4205318,4,12,5318
41205815,0.21097029702970296,0.2058019801980198,0.03112871287128713,0.08394059405940595,0.2474059405940594,177,4205815,4,12,5815
41205816,0.30355,0.2657333333333333,0.051333333333333335,0.060783333333333335,0.23411666666666667,175,4205816,4,12,5816
41206815,0.5156867469879518,0.3755903614457831,0.08465060240963855,0.030096385542168674,0.1455421686746988,205,4206815,4,12,6815
41206816,0.3089622641509434,0.2618867924528302,0.05456603773584906,0.06156603773584906,0.20679245283018868,199,4206816,4,12,6816
41207816,0.6029411764705882,0.42270588235294115,0.08435294117647059,0.01576470588235294,0.12611764705882353,154,4207816,4,12,7816
41208816,0.5664905660377358,0.3602264150943396,0.08747169811320754,0.019924528301886794,0.14449056603773586,185,4208816,4,12,8816
41209816,0.5712307692307692,0.37733333333333335,0.07266666666666667,0.004923076923076923,0.14184615384615384,188,4209816,4,12,9816
41210816,0.5083333333333333,0.32916666666666666,0.06866666666666667,0.0075,0.15416666666666667,187,4210816,4,12,10816
41211816,0.5552380952380952,0.37885714285714284,0.056190476190476193,0.019523809523809523,0.14704761904761904,186,4211816,4,12,11816
41212816,0.7182962962962963,0.35285185185185186,0.13033333333333333,0.010074074074074074,0.05196296296296296,220,4212816,4,12,12816
51000101,0.2809638554216867,0.228,0.027614457831325302,0.09804819277108434,0.21048192771084337,135,5100101,5,10,101
51000102,0.23263803680981596,0.19505521472392637,0.018650306748466256,0.1423558282208589,0.2508834355828221,132,5100102,5,10,102
51000103,0.2583606557377049,0.22714754098360657,0.026459016393442624,0.1417704918032787,0.23895081967213114,131,5100103,5,10,103
51000104,0.31517021276595747,0.2539574468085106,0.029914893617021276,0.06759574468085107,0.2036808510638298,130,5100104,5,10,104
51000105,0.24724137931034482,0.21635632183908046,0.02113793103448276,0.10642528735632184,0.24697701149425288,141,5100105,5,10,105
51000106,0.2813815789473684,0.24692105263157896,0.026276315789473682,0.07944736842105263,0.22113157894736843,129,5100106,5,10,106
51000107,0.24492753623188407,0.2137391304347826,0.0202463768115942,0.0907536231884058,0.25123188405797103,144,5100107,5,10,107
51000108,0.27008547008547007,0.22362962962962962,0.025270655270655272,0.10371509971509972,0.24294586894586895,146,5100108,5,10,108
51000109,0.22938461538461538,0.20876923076923076,0.022153846153846152,0.11553846153846153,0.23907692307692308,137,5100109,5,10,109
51000601,0.2981261261261261,0.24486486486486486,0.025315315315315313,0.07636036036036035,0.21913513513513513,134,5100601,5,10,601
51000602,0.23883870967741935,0.19903225806451613,0.021741935483870968,0.10836559139784946,0.23,138,5100602,5,10,602
51000603,0.26351785714285714,0.22205357142857143,0.020875,0.08867857142857143,0.233375,139,5100603,5,10,603
51000604,0.29385826771653545,0.2331023622047244,0.025858267716535432,0.09094488188976378,0.22211023622047243,140,5100604,5,10,604
51000801,0.26363779527559056,0.2168503937007874,0.02162204724409449,0.09404724409448818,0.22211023622047243,133,5100801,5,10,801
51001105,0.3088595041322314,0.24641322314049588,0.024066115702479338,0.06560330578512397,0.20408264462809916,147,5101105,5,10,1105
51001106,0.293195652173913,0.2738695652173913,0.029739130434782608,0.06432608695652174,0.21989130434782608,143,5101106,5,10,1106
51001107,0.3041521739130435,0.2521086956521739,0.025782608695652173,0.07447826086956522,0.23491304347826086,145,5101107,5,10,1107
51001108,0.2580215053763441,0.20380645161290323,0.027935483870967743,0.10640860215053763,0.2546021505376344,142,5101108,5,10,1108
51002105,0.31045637583892616,0.2546711409395973,0.02657718120805369,0.08833557046979866,0.22846979865771813,136,5102105,5,10,2105
51002108,0.29026415094339625,0.23975471698113207,0.026037735849056606,0.08266037735849056,0.23056603773584905,128,5102108,5,10,2108
51200201,0.5925915492957746,0.34580281690140846,0.061549295774647884,0.042056338028169014,0.09273239436619718,2,5200201,5,12,201
51200202,0.5662333333333334,0.3196,0.07443333333333334,0.027033333333333333,0.11253333333333333,92,5200202,5,12,202
51200203,0.6284905660377359,0.4144905660377359,0.08133962264150943,0.022113207547169812,0.11783018867924529,93,5200203,5,12,203
51200204,0.40141666666666664,0.3192,0.06523333333333334,0.04008333333333333,0.1999,121,5200204,5,12,204
51200205,0.4150973451327434,0.3143716814159292,0.07292035398230089,0.034265486725663714,0.2000353982300885,96,5200205,5,12,205
51200206,0.38456451612903225,0.26033870967741934,0.05935483870967742,0.1008225806451613,0.19401612903225807,83,5200206,5,12,206
51200207,0.635758865248227,0.37849645390070924,0.11188652482269504,0.018127659574468085,0.08175886524822695,100,5200207,5,12,207
51200208,0.34969398907103827,0.28547540983606556,0.05412021857923497,0.061562841530054646,0.2111584699453552,105,5200208,5,12,208
51200209,0.23979679144385027,0.19044919786096257,0.0293048128342246,0.10916577540106952,0.23524064171122994,122,5200209,5,12,209
51200210,0.2633037974683544,0.2210379746835443,0.03584810126582279,0.10846835443037975,0.24767088607594936,86,5200210,5,12,210
51200211,0.5456458333333334,0.37595833333333334,0.09222916666666667,0.0240625,0.12525,90,5200211,5,12,211
51200254,0.268,0.2285263157894737,0.03202631578947368,0.09034210526315789,0.22644736842105262,82,5200254,5,12,254
51200702,0.373421875,0.312140625,0.055796875,0.04109375,0.19803125,120,5200702,5,12,702
51200710,0.5125636363636363,0.3400909090909091,0.08445454545454545,0.026709090909090908,0.13012727272727273,88,5200710,5,12,710
51200752,0.2940121212121212,0.2656727272727273,0.0412969696969697,0.05795151515151515,0.23473939393939394,117,5200752,5,12,752
51201202,0.3877987421383648,0.29983647798742136,0.057610062893081765,0.05084276729559748,0.1970062893081761,79,5201202,5,12,1202
51201204,0.41163218390804596,0.31096551724137933,0.0516551724137931,0.038091954022988504,0.1754712643678161,81,5201204,5,12,1204
51201205,0.5139661016949153,0.372728813559322,0.09508474576271186,0.0218135593220339,0.15035593220338983,91,5201205,5,12,1205
51201206,0.2596825396825397,0.25196825396825395,0.0513015873015873,0.043682539682539684,0.23723809523809525,97,5201206,5,12,1206
51201207,0.6122777777777778,0.3491944444444444,0.043000000000000003,0.021277777777777777,0.06130555555555556,101,5201207,5,12,1207
51201208,0.37125,0.2978409090909091,0.05231818181818182,0.06402272727272727,0.22795454545454547,106,5201208,5,12,1208
51201209,0.22237777777777779,0.18697777777777777,0.026711111111111113,0.11495555555555556,0.24551111111111112,123,5201209,5,12,1209
51201210,0.2902311111111111,0.2575822222222222,0.03891555555555556,0.07798222222222222,0.2323111111111111,95,5201210,5,12,1210
51201211,0.4870606060606061,0.3663030303030303,0.11412121212121212,0.024151515151515153,0.16218181818181818,118,5201211,5,12,1211
51201254,0.256,0.23484615384615384,0.038711538461538464,0.05521153846153846,0.19896153846153847,98,5201254,5,12,1254
51201702,0.42848,0.31128,0.07829333333333334,0.06461333333333333,0.18690666666666667,94,5201702,5,12,1702
51201710,0.38316666666666666,0.30706060606060603,0.057666666666666665,0.029803030303030303,0.16243939393939394,110,5201710,5,12,1710
51201752,0.5120900900900901,0.33845045045045047,0.05816216216216216,0.04162162162162162,0.12688288288288288,119,5201752,5,12,1752
51202202,0.3340408163265306,0.2966122448979592,0.04830612244897959,0.045408163265306126,0.21512244897959185,116,5202202,5,12,2202
51202205,0.3867123287671233,0.31936986301369863,0.05906849315068493,0.04167123287671233,0.1889041095890411,113,5202205,5,12,2205
51202207,0.576125,0.2822857142857143,0.07576785714285714,0.020267857142857143,0.06985714285714285,102,5202207,5,12,2207
51202208,0.20914503816793892,0.14798473282442748,0.031053435114503817,0.18346564885496183,0.23787786259541985,104,5202208,5,12,2208
51202209,0.2305040650406504,0.20260162601626017,0.03182113821138211,0.11712195121951219,0.26983739837398374,124,5202209,5,12,2209
51202210,0.3224444444444444,0.28126666666666666,0.04888888888888889,0.05202222222222222,0.22982222222222223,87,5202210,5,12,2210
51202211,0.5270103092783505,0.37843298969072164,0.11265979381443299,0.017072164948453608,0.13096907216494846,112,5202211,5,12,2211
51202254,0.2611320754716981,0.23710377358490567,0.040216981132075474,0.06667924528301887,0.23957547169811322,99,5202254,5,12,2254
51202710,0.37735802469135804,0.3223456790123457,0.06918518518518518,0.042666666666666665,0.19325925925925927,111,5202710,5,12,2710
51202752,0.4126315789473684,0.32828070175438595,0.06315789473684211,0.0456140350877193,0.20140350877192983,80,5202752,5,12,2752
51203202,0.3208524590163934,0.272,0.045081967213114756,0.05816393442622951,0.20301639344262296,114,5203202,5,12,3202
51203207,0.48378048780487803,0.32546341463414635,0.04936585365853659,0.031609756097560976,0.10263414634146341,103,5203207,5,12,3207
51203209,0.2943636363636364,0.18636363636363637,0.04416528925619835,0.12961983471074381,0.20120661157024794,85,5203209,5,12,3209
51203210,0.3185581395348837,0.2589302325581395,0.04376744186046511,0.07857364341085271,0.2052403100775194,109,5203210,5,12,3210
51203710,0.6772051282051282,0.4286324786324786,0.10115384615384615,0.012068376068376067,0.0851880341880342,89,5203710,5,12,3710
51204202,0.32839520958083834,0.2711377245508982,0.04336526946107785,0.04864670658682635,0.20949700598802395,115,5204202,5,12,4202
51204207,0.5035741626794258,0.33598086124401916,0.08757894736842105,0.04533492822966507,0.14730622009569377,84,5204207,5,12,4207
51204210,0.28613636363636363,0.22884545454545455,0.03954545454545454,0.09319090909090909,0.24162727272727272,108,5204210,5,12,4210
51204710,0.5431692307692307,0.3989128205128205,0.12311794871794872,0.017569230769230768,0.13744615384615386,125,5204710,5,12,4710
51205210,0.2481196581196581,0.2331794871794872,0.044307692307692305,0.09593162393162394,0.26904273504273507,107,5205210,5,12,5210
61100101,0.27169811320754716,0.22777358490566038,0.022018867924528302,0.09620754716981132,0.24066037735849058,65,6100101,6,11,101
61100102,0.24792063492063493,0.21026984126984127,0.024746031746031745,0.11495238095238096,0.2373809523809524,66,6100102,6,11,102
61100103,0.29483333333333334,0.25193333333333334,0.021766666666666667,0.10503333333333334,0.22726666666666667,75,6100103,6,11,103
61100104,0.3327417218543046,0.2712185430463576,0.041390728476821195,0.0824635761589404,0.2289933774834437,73,6100104,6,11,104
61100105,0.2373103448275862,0.22444827586206897,0.024,0.12175862068965518,0.27648275862068966,77,6100105,6,11,105
61100106,0.3132745098039216,0.25088235294117645,0.029058823529411765,0.065,0.22949019607843138,72,6100106,6,11,106
61100107,0.2680759493670886,0.2460506329113924,0.028329113924050634,0.08164556962025317,0.255873417721519,71,6100107,6,11,107
61100109,0.3785168539325843,0.30880898876404494,0.052584269662921346,0.044247191011235955,0.2173932584269663,76,6100109,6,11,109
61100110,0.16857627118644067,0.16050847457627118,0.012694915254237289,0.1439322033898305,0.2773728813559322,78,6100110,6,11,110
61101101,0.2804090909090909,0.21588636363636363,0.030590909090909092,0.11677272727272728,0.21990909090909092,64,6101101,6,11,1101
61101102,0.21957894736842104,0.19235087719298247,0.019508771929824562,0.15035087719298246,0.2554385964912281,67,6101102,6,11,1102
61101103,0.30402985074626865,0.2536119402985075,0.023611940298507463,0.09588059701492538,0.22214925373134328,74,6101103,6,11,1103
61101105,0.34167213114754097,0.29662295081967216,0.039901639344262295,0.06367213114754099,0.21940983606557377,69,6101105,6,11,1105
61101107,0.25504166666666667,0.238625,0.023416666666666665,0.09220833333333334,0.2512916666666667,70,6101107,6,11,1107
61102102,0.27109302325581397,0.2451860465116279,0.020767441860465117,0.09911627906976744,0.22993023255813955,68,6102102,6,11,2102
61200201,0.42459259259259263,0.2977037037037037,0.06718518518518518,0.04296296296296296,0.15748148148148147,16,6200201,6,12,201
61200202,0.6106792452830189,0.3685283018867925,0.11445283018867924,0.011018867924528301,0.08173584905660378,8,6200202,6,12,202
61200203,0.4703333333333333,0.2786666666666667,0.052333333333333336,0.06266666666666666,0.159,62,6200203,6,12,203
61200204,0.3979333333333333,0.31164444444444445,0.07317777777777777,0.051866666666666665,0.1932222222222222,19,6200204,6,12,204
61200205,0.3420655737704918,0.2784153005464481,0.059923497267759564,0.060775956284153006,0.21206557377049182,20,6200205,6,12,205
61200206,0.5802526315789474,0.40225263157894736,0.09284210526315789,0.02513684210526316,0.14105263157894737,12,6200206,6,12,206
61200207,0.6471833333333333,0.41075,0.12558333333333332,0.009983333333333334,0.08566666666666667,24,6200207,6,12,207
61200208,0.4874833333333333,0.38916666666666666,0.10563333333333333,0.024216666666666668,0.18073333333333333,54,6200208,6,12,208
61200209,0.515856,0.375984,0.121824,0.020768000000000002,0.139536,43,6200209,6,12,209
61200210,0.39840625,0.317875,0.10003125,0.04278125,0.19303125,14,6200210,6,12,210
61200211,0.6026666666666667,0.4565714285714286,0.15926984126984126,0.014444444444444444,0.14326984126984127,26,6200211,6,12,211
61200212,0.43991919191919193,0.3311919191919192,0.07747474747474747,0.03414141414141414,0.18076767676767677,32,6200212,6,12,212
61200213,0.459,0.33925925925925926,0.07985185185185185,0.05474074074074074,0.16325925925925927,30,6200213,6,12,213
61200214,0.6576263736263737,0.3985934065934066,0.1351868131868132,0.011252747252747252,0.07347252747252747,28,6200214,6,12,214
61200215,0.7268888888888889,0.4748888888888889,0.17284848484848483,0.008181818181818182,0.07525252525252525,29,6200215,6,12,215
61200216,0.652093023255814,0.4170232558139535,0.18632558139534883,0.02069767441860465,0.09297674418604651,10,6200216,6,12,216
61200217,0.501,0.294,0.06925,0.059625,0.111375,1,6200217,6,12,217
61200256,0.6068172043010752,0.42275268817204303,0.11101075268817204,0.013913978494623657,0.10877419354838709,11,6200256,6,12,256
61200706,0.6449677419354839,0.3972688172043011,0.11275268817204301,0.015075268817204302,0.09131182795698925,55,6200706,6,12,706
61201202,0.4955037593984962,0.38121804511278196,0.08708270676691729,0.014,0.15801503759398497,56,6201202,6,12,1202
61201203,0.6871368421052632,0.33423157894736844,0.05456842105263158,0.024757894736842104,0.06014736842105263,17,6201203,6,12,1203
61201204,0.2736031746031746,0.24776190476190477,0.047523809523809524,0.06498412698412699,0.21457142857142858,34,6201204,6,12,1204
61201207,0.6798909090909091,0.4338909090909091,0.1672,0.0108,0.0754909090909091,25,6201207,6,12,1207
61201208,0.5763488372093023,0.39811627906976743,0.11795348837209302,0.011744186046511628,0.12265116279069768,22,6201208,6,12,1208
61201209,0.4393898305084746,0.3388135593220339,0.08945762711864406,0.02728813559322034,0.15098305084745764,44,6201209,6,12,1209
61201211,0.48671186440677966,0.37589830508474575,0.12898305084745762,0.01735593220338983,0.16,48,6201211,6,12,1211
61201212,0.3393611111111111,0.26925,0.06730555555555555,0.06222222222222222,0.214,33,6201212,6,12,1212
61201214,0.6848222222222222,0.44704444444444447,0.1368888888888889,0.014,0.09584444444444444,9,6201214,6,12,1214
61201216,0.6410103092783506,0.3797319587628866,0.11872164948453609,0.014721649484536083,0.07771134020618557,21,6201216,6,12,1216
61201256,0.5992913385826771,0.4075748031496063,0.11066141732283465,0.014393700787401575,0.12040944881889763,41,6201256,6,12,1256
61201706,0.6901971830985916,0.4332112676056338,0.15371830985915494,0.008985915492957746,0.08659154929577464,13,6201706,6,12,1706
61202202,0.7147766990291262,0.4497281553398058,0.16570873786407767,0.016213592233009708,0.08155339805825243,53,6202202,6,12,2202
61202207,0.6299661016949153,0.41016949152542376,0.1524406779661017,0.016983050847457628,0.07833898305084745,39,6202207,6,12,2207
61202209,0.4752929292929293,0.3668080808080808,0.10842424242424242,0.03284848484848485,0.13664646464646465,42,6202209,6,12,2209
61202210,0.40245238095238095,0.3269047619047619,0.09404761904761905,0.04709523809523809,0.2088809523809524,46,6202210,6,12,2210
61202211,0.6916333333333333,0.43856666666666666,0.124,0.011666666666666667,0.08006666666666666,37,6202211,6,12,2211
61202212,0.5143053435114504,0.38844274809160306,0.1203206106870229,0.027572519083969467,0.14584732824427482,23,6202212,6,12,2212
61202214,0.6580720720720721,0.43234234234234237,0.1607927927927928,0.011009009009009009,0.09778378378378379,51,6202214,6,12,2214
61202216,0.6022153846153846,0.3692923076923077,0.14470769230769231,0.014523076923076923,0.08246153846153846,49,6202216,6,12,2216
61202706,0.6754285714285714,0.4060408163265306,0.1266734693877551,0.012612244897959184,0.09887755102040817,40,6202706,6,12,2706
61203202,0.621,0.417,0.13391358024691358,0.012148148148148148,0.10534567901234568,52,6203202,6,12,3202
61203207,0.691974025974026,0.4535844155844156,0.19732467532467532,0.02581818181818182,0.09083116883116883,38,6203207,6,12,3207
61203210,0.4889142857142857,0.37397142857142857,0.10877142857142857,0.03202857142857143,0.15002857142857143,45,6203210,6,12,3210
61203211,0.5221666666666667,0.37795833333333334,0.11683333333333333,0.03754166666666667,0.16466666666666666,36,6203211,6,12,3211
61203212,0.350675,0.321325,0.07225,0.05075,0.2201,18,6203212,6,12,3212
61203216,0.6133086419753087,0.39925925925925926,0.12422222222222222,0.009111111111111111,0.10918518518518519,50,6203216,6,12,3216
61204202,0.6884415584415584,0.43267532467532466,0.10033766233766234,0.010961038961038961,0.0845974025974026,47,6204202,6,12,4202
61204211,0.6676629213483146,0.4356629213483146,0.16164044943820224,0.014674157303370787,0.08361797752808989,35,6204211,6,12,4211
61205202,0.45645045045045046,0.35354954954954954,0.06506306306306306,0.026396396396396397,0.14998198198198198,57,6205202,6,12,5202
61205211,0.6676862745098039,0.4303529411764706,0.154,0.010549019607843137,0.08772549019607843,27,6205211,6,12,5211
61206202,0.46630075187969927,0.35476691729323306,0.07596992481203008,0.02344360902255639,0.17148872180451127,58,6206202,6,12,6202
61206211,0.5396216216216216,0.4021081081081081,0.14597297297297296,0.025378378378378377,0.15494594594594593,15,6206211,6,12,6211
61207202,0.48109615384615384,0.3691153846153846,0.08457692307692308,0.047961538461538465,0.18151923076923077,59,6207202,6,12,7202
61208202,0.5428546255506608,0.40540969162995594,0.08930396475770926,0.021788546255506608,0.15263436123348018,60,6208202,6,12,8202
61209202,0.6146016260162601,0.3849430894308943,0.11827642276422765,0.020227642276422764,0.10232520325203252,61,6209202,6,12,9202
61210202,0.5694765100671141,0.3744697986577181,0.09355704697986578,0.019114093959731543,0.12638926174496645,31,6210202,6,12,10202
