fips,mean_internet_access,mFIPS,district,locality,ed,population,objectid
10100101,NA,1100101,1,01,101,403,712
10100102,NA,1100102,1,01,102,490,701
10100103,NA,1100103,1,01,103,511,703
10100104,NA,1100104,1,01,104,340,710
10100105,NA,1100105,1,01,105,575,720
10100601,NA,1100601,1,01,601,308,708
10100602,NA,1100602,1,01,602,264,706
10100603,NA,1100603,1,01,603,247,718
10101101,NA,1101101,1,01,1101,309,709
10101104,NA,1101104,1,01,1104,379,707
10101105,NA,1101105,1,01,1105,115,711
10101603,NA,1101603,1,01,1603,328,705
10102104,NA,1102104,1,01,2104,275,717
10102105,NA,1102105,1,01,2105,496,721
10103104,NA,1103104,1,01,3104,474,704
10103105,NA,1103105,1,01,3105,371,723
10104104,NA,1104104,1,01,4104,549,716
10104105,NA,1104105,1,01,4105,388,713
10105104,NA,1105104,1,01,5104,427,702
10105105,NA,1105105,1,01,5105,462,722
10106104,NA,1106104,1,01,6104,179,715
10106105,NA,1106105,1,01,6105,365,719
10107105,NA,1107105,1,01,7105,258,714
11200201,NA,1200201,1,12,201,446,661
11200202,NA,1200202,1,12,202,500,666
11200203,NA,1200203,1,12,203,357,696
11200204,NA,1200204,1,12,204,318,679
11200205,NA,1200205,1,12,205,582,659
11200206,NA,1200206,1,12,206,298,691
11200207,NA,1200207,1,12,207,349,642
11200208,NA,1200208,1,12,208,260,643
11200209,NA,1200209,1,12,209,262,650
11200210,NA,1200210,1,12,210,5,700
11200211,NA,1200211,1,12,211,699,665
11200212,NA,1200212,1,12,212,696,673
11200213,NA,1200213,1,12,213,21,664
11200253,NA,1200253,1,12,253,419,655
11200255,NA,1200255,1,12,255,253,685
11200258,NA,1200258,1,12,258,417,689
11200704,NA,1200704,1,12,704,457,645
11200705,NA,1200705,1,12,705,324,656
11200706,NA,1200706,1,12,706,547,688
11200745,NA,1200745,1,12,745,506,641
11201201,NA,1201201,1,12,1201,468,697
11201203,NA,1201203,1,12,1203,338,663
11201204,NA,1201204,1,12,1204,456,653
11201205,NA,1201205,1,12,1205,656,683
11201206,NA,1201206,1,12,1206,534,658
11201207,NA,1201207,1,12,1207,389,690
11201209,NA,1201209,1,12,1209,993,669
11201211,NA,1201211,1,12,1211,817,678
11201212,NA,1201212,1,12,1212,237,651
11201253,NA,1201253,1,12,1253,505,644
11201255,NA,1201255,1,12,1255,270,662
11201258,NA,1201258,1,12,1258,646,660
11201704,NA,1201704,1,12,1704,807,667
11201705,NA,1201705,1,12,1705,717,646
11201706,NA,1201706,1,12,1706,484,647
11201754,NA,1201754,1,12,1754,429,686
11202203,NA,1202203,1,12,2203,435,695
11202204,NA,1202204,1,12,2204,507,681
11202206,NA,1202206,1,12,2206,486,668
11202207,NA,1202207,1,12,2207,460,657
11202209,NA,1202209,1,12,2209,786,670
11202211,NA,1202211,1,12,2211,159,677
11202212,NA,1202212,1,12,2212,755,672
11202253,NA,1202253,1,12,2253,412,692
11202255,NA,1202255,1,12,2255,274,684
11202258,NA,1202258,1,12,2258,252,671
11202705,NA,1202705,1,12,2705,488,682
11202706,NA,1202706,1,12,2706,544,648
11202754,NA,1202754,1,12,2754,440,652
11203201,NA,1203201,1,12,3201,646,654
11203204,NA,1203204,1,12,3204,494,680
11203206,NA,1203206,1,12,3206,692,694
11203209,NA,1203209,1,12,3209,319,676
11203706,NA,1203706,1,12,3706,353,687
11204201,NA,1204201,1,12,4201,37,698
11204204,NA,1204204,1,12,4204,513,649
11204206,NA,1204206,1,12,4206,258,693
11204209,NA,1204209,1,12,4209,859,674
11205201,NA,1205201,1,12,5201,465,699
11205209,NA,1205209,1,12,5209,458,675
20200101,NA,2100101,2,02,101,198,613
20200102,NA,2100102,2,02,102,255,610
20200103,NA,2100103,2,02,103,255,619
20200104,NA,2100104,2,02,104,540,621
20200151,NA,2100151,2,02,151,422,622
20200152,NA,2100152,2,02,152,188,611
20200601,NA,2100601,2,02,601,74,629
20200602,NA,2100602,2,02,602,408,623
20200651,NA,2100651,2,02,651,358,616
20200652,NA,2100652,2,02,652,525,640
20200653,NA,2100653,2,02,653,388,618
20201101,NA,2101101,2,02,1101,372,614
20201103,NA,2101103,2,02,1103,257,620
20201104,NA,2101104,2,02,1104,238,628
20201256,NA,2101256,2,02,1256,512,617
20201601,NA,2101601,2,02,1601,168,612
20201602,NA,2101602,2,02,1602,363,615
20201652,NA,2101652,2,02,1652,383,626
20201653,NA,2101653,2,02,1653,481,632
20202103,NA,2102103,2,02,2103,652,630
20202104,NA,2102104,2,02,2104,328,633
20202602,NA,2102602,2,02,2602,186,638
20202652,NA,2102652,2,02,2652,461,627
20203103,NA,2103103,2,02,3103,379,631
20203104,NA,2103104,2,02,3104,374,634
20203652,NA,2103652,2,02,3652,553,624
20204652,NA,2104652,2,02,4652,384,637
20205652,NA,2105652,2,02,5652,418,636
20206652,NA,2106652,2,02,6652,286,639
20207652,NA,2107652,2,02,7652,443,625
20208652,NA,2108652,2,02,8652,469,635
21200201,NA,2200201,2,12,201,430,587
21200202,NA,2200202,2,12,202,562,573
21200203,NA,2200203,2,12,203,496,557
21200204,NA,2200204,2,12,204,498,569
21200205,NA,2200205,2,12,205,773,563
21200206,NA,2200206,2,12,206,320,547
21200207,NA,2200207,2,12,207,316,565
21200208,NA,2200208,2,12,208,278,549
21200209,NA,2200209,2,12,209,657,546
21200211,NA,2200211,2,12,211,1250,570
21200212,NA,2200212,2,12,212,4,608
21200213,NA,2200213,2,12,213,711,562
21200256,NA,2200256,2,12,256,470,572
21200307,NA,2200307,2,12,307,397,548
21200701,NA,2200701,2,12,701,554,560
21200708,NA,2200708,2,12,708,1237,599
21200710,NA,2200710,2,12,710,584,551
21200908,NA,2200908,2,12,908,570,550
21201201,NA,2201201,2,12,1201,211,553
21201204,NA,2201204,2,12,1204,549,552
21201205,NA,2201205,2,12,1205,302,564
21201206,NA,2201206,2,12,1206,532,578
21201207,NA,2201207,2,12,1207,517,566
21201208,NA,2201208,2,12,1208,237,606
21201211,NA,2201211,2,12,1211,138,545
21201213,NA,2201213,2,12,1213,853,568
21201256,NA,2201256,2,12,1256,325,559
21201701,NA,2201701,2,12,1701,405,593
21201708,NA,2201708,2,12,1708,264,574
21201710,NA,2201710,2,12,1710,467,567
21202201,NA,2202201,2,12,2201,285,589
21202204,NA,2202204,2,12,2204,701,561
21202205,NA,2202205,2,12,2205,404,575
21202206,NA,2202206,2,12,2206,630,577
21202207,NA,2202207,2,12,2207,57,592
21202208,NA,2202208,2,12,2208,644,581
21202213,NA,2202213,2,12,2213,817,555
21202256,NA,2202256,2,12,2256,384,556
21202701,NA,2202701,2,12,2701,553,554
21202708,NA,2202708,2,12,2708,447,598
21202710,NA,2202710,2,12,2710,295,544
21203201,NA,2203201,2,12,3201,196,588
21203204,NA,2203204,2,12,3204,525,602
21203205,NA,2203205,2,12,3205,484,576
21203207,NA,2203207,2,12,3207,263,591
21203213,NA,2203213,2,12,3213,304,605
21203256,NA,2203256,2,12,3256,469,583
21203710,NA,2203710,2,12,3710,336,595
21204201,NA,2204201,2,12,4201,7,558
21204204,NA,2204204,2,12,4204,404,603
21204206,NA,2204206,2,12,4206,505,580
21204213,NA,2204213,2,12,4213,544,604
21204256,NA,2204256,2,12,4256,424,582
21204710,NA,2204710,2,12,4710,272,594
21205201,NA,2205201,2,12,5201,470,590
21205204,NA,2205204,2,12,5204,237,600
21205206,NA,2205206,2,12,5206,280,579
21205256,NA,2205256,2,12,5256,322,571
21205710,NA,2205710,2,12,5710,369,596
21206204,NA,2206204,2,12,6204,172,601
21206256,NA,2206256,2,12,6256,364,585
21206710,NA,2206710,2,12,6710,482,597
21207256,NA,2207256,2,12,7256,495,584
21208256,NA,2208256,2,12,8256,544,586
30300201,NA,3100201,3,03,201,47,425
30300202,NA,3100202,3,03,202,161,422
30300203,NA,3100203,3,03,203,179,443
30300204,NA,3100204,3,03,204,73,423
30300205,NA,3100205,3,03,205,119,426
30300206,NA,3100206,3,03,206,70,440
30300207,NA,3100207,3,03,207,198,444
30300208,NA,3100208,3,03,208,216,447
30300209,NA,3100209,3,03,209,169,442
30300210,NA,3100210,3,03,210,125,441
30300211,NA,3100211,3,03,211,383,433
30300212,NA,3100212,3,03,212,148,438
30300213,NA,3100213,3,03,213,326,446
30300214,NA,3100214,3,03,214,167,445
30300221,NA,3100221,3,03,221,75,428
30300222,NA,3100222,3,03,222,130,431
30300225,NA,3100225,3,03,225,714,491
30300262,NA,3100262,3,03,262,466,432
30300263,NA,3100263,3,03,263,227,434
30300264,NA,3100264,3,03,264,485,439
30300272,NA,3100272,3,03,272,165,430
30300705,NA,3100705,3,03,705,166,424
30300714,NA,3100714,3,03,714,363,435
30300722,NA,3100722,3,03,722,238,429
30301214,NA,3101214,3,03,1214,214,499
30301225,NA,3101225,3,03,1225,394,508
30301226,NA,3101226,3,03,1226,340,494
30301264,NA,3101264,3,03,1264,441,437
30301714,NA,3101714,3,03,1714,334,436
30301914,NA,3101914,3,03,1914,160,489
30302225,NA,3102225,3,03,2225,857,492
30302226,NA,3102226,3,03,2226,202,507
30302264,NA,3102264,3,03,2264,313,510
30302914,NA,3102914,3,03,2914,498,497
30303225,NA,3103225,3,03,3225,642,496
30303914,NA,3103914,3,03,3914,139,509
30304225,NA,3104225,3,03,4225,1014,495
30304914,NA,3104914,3,03,4914,98,500
30305225,NA,3105225,3,03,5225,386,493
30305914,NA,3105914,3,03,5914,216,498
30306914,NA,3106914,3,03,6914,404,490
30400101,NA,3100101,3,04,101,390,459
30400102,NA,3100102,3,04,102,294,461
30400103,NA,3100103,3,04,103,141,456
30400104,NA,3100104,3,04,104,149,465
30400105,NA,3100105,3,04,105,31,487
30400106,NA,3100106,3,04,106,29,475
30400107,NA,3100107,3,04,107,320,455
30400108,NA,3100108,3,04,108,331,458
30400109,NA,3100109,3,04,109,253,462
30400110,NA,3100110,3,04,110,174,454
30400111,NA,3100111,3,04,111,253,463
30400112,NA,3100112,3,04,112,174,467
30400113,NA,3100113,3,04,113,252,469
30400114,NA,3100114,3,04,114,265,472
30400115,NA,3100115,3,04,115,482,479
30400116,NA,3100116,3,04,116,147,477
30400117,NA,3100117,3,04,117,549,501
30400118,NA,3100118,3,04,118,541,482
30400119,NA,3100119,3,04,119,370,481
30400121,NA,3100121,3,04,121,205,471
30400122,NA,3100122,3,04,122,709,541
30400153,NA,3100153,3,04,153,299,453
30400607,NA,3100607,3,04,607,350,460
30400609,NA,3100609,3,04,609,223,457
30400614,NA,3100614,3,04,614,123,473
30400615,NA,3100615,3,04,615,169,476
30400617,NA,3100617,3,04,617,611,537
30400618,NA,3100618,3,04,618,371,484
30400707,NA,3100707,3,04,707,264,449
30400717,NA,3100717,3,04,717,299,468
30400807,NA,3100807,3,04,807,285,452
30400817,NA,3100817,3,04,817,266,474
30400818,NA,3100818,3,04,818,878,486
30400907,NA,3100907,3,04,907,228,448
30400917,NA,3100917,3,04,917,464,464
30401117,NA,3101117,3,04,1117,582,478
30401118,NA,3101118,3,04,1118,285,483
30401122,NA,3101122,3,04,1122,372,542
30401607,NA,3101607,3,04,1607,466,540
30401617,NA,3101617,3,04,1617,610,512
30401717,NA,3101717,3,04,1717,320,470
30401817,NA,3101817,3,04,1817,320,524
30401818,NA,3101818,3,04,1818,408,480
30401907,NA,3101907,3,04,1907,407,450
30401917,NA,3101917,3,04,1917,303,466
30402122,NA,3102122,3,04,2122,313,543
30402607,NA,3102607,3,04,2607,512,522
30402817,NA,3102817,3,04,2817,268,533
30402818,NA,3102818,3,04,2818,801,506
30402907,NA,3102907,3,04,2907,406,451
30403122,NA,3103122,3,04,3122,248,488
30403607,NA,3103607,3,04,3607,337,502
30403817,NA,3103817,3,04,3817,288,532
30403818,NA,3103818,3,04,3818,742,485
30403907,NA,3103907,3,04,3907,494,504
30404817,NA,3104817,3,04,4817,168,535
30404818,NA,3104818,3,04,4818,523,505
30404907,NA,3104907,3,04,4907,769,503
30405817,NA,3105817,3,04,5817,293,534
30405818,NA,3105818,3,04,5818,512,528
30405907,NA,3105907,3,04,5907,929,521
30406817,NA,3106817,3,04,6817,543,531
30406818,NA,3106818,3,04,6818,495,527
30406907,NA,3106907,3,04,6907,574,520
30407817,NA,3107817,3,04,7817,243,536
30407818,NA,3107818,3,04,7818,497,526
30407907,NA,3107907,3,04,7907,384,539
30408818,NA,3108818,3,04,8818,500,525
30408907,NA,3108907,3,04,8907,593,538
30409818,NA,3109818,3,04,9818,819,529
30409907,NA,3109907,3,04,9907,309,514
30410818,NA,3110818,3,04,10818,434,530
30410907,NA,3110907,3,04,10907,285,518
30411818,NA,3111818,3,04,11818,718,523
30411907,NA,3111907,3,04,11907,408,516
30412818,NA,3112818,3,04,12818,558,511
30412907,NA,3112907,3,04,12907,163,515
30413907,NA,3113907,3,04,13907,244,517
30414907,NA,3114907,3,04,14907,127,519
30415907,NA,3115907,3,04,15907,130,513
30500101,NA,3100101,3,05,101,117,393
30500102,NA,3100102,3,05,102,85,409
30500103,NA,3100103,3,05,103,111,400
30500104,NA,3100104,3,05,104,83,414
30500121,NA,3100121,3,05,121,99,392
30501101,NA,3101101,3,05,1101,417,420
30501102,NA,3101102,3,05,1102,77,410
30501103,NA,3101103,3,05,1103,135,401
30501104,NA,3101104,3,05,1104,257,396
30502101,NA,3102101,3,05,2101,224,407
30502102,NA,3102102,3,05,2102,172,411
30502103,NA,3102103,3,05,2103,51,402
30502104,NA,3102104,3,05,2104,391,397
30503101,NA,3103101,3,05,3101,103,408
30503102,NA,3103102,3,05,3102,168,412
30503103,NA,3103103,3,05,3103,125,403
30503104,NA,3103104,3,05,3104,312,398
30504102,NA,3104102,3,05,4102,157,413
30504103,NA,3104103,3,05,4103,137,404
30504104,NA,3104104,3,05,4104,34,395
30505102,NA,3105102,3,05,5102,99,399
30505103,NA,3105103,3,05,5103,78,405
30505104,NA,3105104,3,05,5104,168,394
30506102,NA,3106102,3,05,6102,82,419
30506103,NA,3106103,3,05,6103,3,406
30507102,NA,3107102,3,05,7102,31,418
30508102,NA,3108102,3,05,8102,210,417
30509102,NA,3109102,3,05,9102,216,416
30510102,NA,3110102,3,05,10102,140,421
30511102,NA,3111102,3,05,11102,30,415
31200102,NA,3200102,3,12,102,102,323
31200103,NA,3200103,3,12,103,79,386
31200104,NA,3200104,3,12,104,481,336
31200105,NA,3200105,3,12,105,329,326
31200106,NA,3200106,3,12,106,862,341
31200107,NA,3200107,3,12,107,280,372
31200108,NA,3200108,3,12,108,194,339
31200109,NA,3200109,3,12,109,432,370
31200110,NA,3200110,3,12,110,370,365
31200113,NA,3200113,3,12,113,298,378
31200114,NA,3200114,3,12,114,257,375
31200116,NA,3200116,3,12,116,260,380
31200117,NA,3200117,3,12,117,1,387
31200118,NA,3200118,3,12,118,238,337
31200120,NA,3200120,3,12,120,149,319
31200124,NA,3200124,3,12,124,165,335
31200604,NA,3200604,3,12,604,553,327
31200610,NA,3200610,3,12,610,137,353
31200616,NA,3200616,3,12,616,130,332
31200660,NA,3200660,3,12,660,10,324
31200670,NA,3200670,3,12,670,547,325
31200816,NA,3200816,3,12,816,78,333
31201103,NA,3201103,3,12,1103,727,385
31201107,NA,3201107,3,12,1107,254,368
31201109,NA,3201109,3,12,1109,218,334
31201110,NA,3201110,3,12,1110,284,371
31201113,NA,3201113,3,12,1113,527,331
31201114,NA,3201114,3,12,1114,558,376
31201116,NA,3201116,3,12,1116,266,381
31201120,NA,3201120,3,12,1120,321,322
31201124,NA,3201124,3,12,1124,86,367
31201604,NA,3201604,3,12,1604,571,369
31201610,NA,3201610,3,12,1610,269,354
31201660,NA,3201660,3,12,1660,246,344
31201670,NA,3201670,3,12,1670,560,347
31202103,NA,3202103,3,12,2103,129,343
31202107,NA,3202107,3,12,2107,403,340
31202110,NA,3202110,3,12,2110,392,366
31202113,NA,3202113,3,12,2113,373,379
31202114,NA,3202114,3,12,2114,250,330
31202116,NA,3202116,3,12,2116,26,384
31202120,NA,3202120,3,12,2120,323,321
31202604,NA,3202604,3,12,2604,324,328
31202610,NA,3202610,3,12,2610,384,355
31202660,NA,3202660,3,12,2660,557,349
31203110,NA,3203110,3,12,3110,579,342
31203114,NA,3203114,3,12,3114,258,377
31203116,NA,3203116,3,12,3116,262,382
31203120,NA,3203120,3,12,3120,279,318
31203610,NA,3203610,3,12,3610,534,356
31203660,NA,3203660,3,12,3660,193,348
31204116,NA,3204116,3,12,4116,300,383
31204610,NA,3204610,3,12,4610,446,358
31204660,NA,3204660,3,12,4660,127,345
31205116,NA,3205116,3,12,5116,304,373
31205610,NA,3205610,3,12,5610,126,357
31205660,NA,3205660,3,12,5660,217,346
31206116,NA,3206116,3,12,6116,382,374
31206610,NA,3206610,3,12,6610,372,359
31206660,NA,3206660,3,12,6660,203,350
31207116,NA,3207116,3,12,7116,132,329
31207610,NA,3207610,3,12,7610,451,360
31207660,NA,3207660,3,12,7660,675,361
31208610,NA,3208610,3,12,8610,124,338
31208660,NA,3208660,3,12,8660,381,351
31209610,NA,3209610,3,12,9610,272,352
31210660,NA,3210660,3,12,10660,227,362
31211660,NA,3211660,3,12,11660,191,363
31212660,NA,3212660,3,12,12660,402,364
40600101,NA,4100101,4,06,101,284,313
40600102,NA,4100102,4,06,102,242,306
40600103,NA,4100103,4,06,103,173,307
40600104,NA,4100104,4,06,104,403,304
40600105,NA,4100105,4,06,105,331,317
40600106,NA,4100106,4,06,106,120,308
40600108,NA,4100108,4,06,108,332,302
40600109,NA,4100109,4,06,109,131,300
40600110,NA,4100110,4,06,110,196,305
40600111,NA,4100111,4,06,111,577,311
40600201,NA,4100201,4,06,201,498,286
40600202,NA,4100202,4,06,202,957,312
40600203,NA,4100203,4,06,203,1234,292
40600318,NA,4100318,4,06,318,349,287
40601109,NA,4101109,4,06,1109,208,303
40601110,NA,4101110,4,06,1110,485,315
40602101,NA,4102101,4,06,2101,222,299
40602109,NA,4102109,4,06,2109,262,301
40602110,NA,4102110,4,06,2110,355,294
40603101,NA,4103101,4,06,3101,221,297
40603110,NA,4103110,4,06,3110,333,295
40604101,NA,4104101,4,06,4101,195,291
40604110,NA,4104110,4,06,4110,475,296
40605101,NA,4105101,4,06,5101,58,288
40605110,NA,4105110,4,06,5110,403,298
40606101,NA,4106101,4,06,6101,317,289
40606110,NA,4106110,4,06,6110,337,293
40607101,NA,4107101,4,06,7101,171,290
40610110,NA,4110110,4,06,10110,330,316
40610111,NA,4110111,4,06,10111,422,309
40611110,NA,4111110,4,06,11110,392,314
40620111,NA,4120111,4,06,20111,482,310
40700201,NA,4100201,4,07,201,427,275
40700202,NA,4100202,4,07,202,423,276
40700203,NA,4100203,4,07,203,422,280
40700204,NA,4100204,4,07,204,493,281
40700205,NA,4100205,4,07,205,389,283
40700206,NA,4100206,4,07,206,32,270
40700207,NA,4100207,4,07,207,75,271
40700208,NA,4100208,4,07,208,113,273
40700209,NA,4100209,4,07,209,116,279
40700701,NA,4100701,4,07,701,498,274
40701202,NA,4101202,4,07,1202,521,277
40701203,NA,4101203,4,07,1203,447,285
40701205,NA,4101205,4,07,1205,396,282
40702202,NA,4102202,4,07,2202,341,278
40702203,NA,4102203,4,07,2203,359,284
40702205,NA,4102205,4,07,2205,164,272
40800101,NA,4100101,4,08,101,148,240
40800102,NA,4100102,4,08,102,362,259
40800103,NA,4100103,4,08,103,284,246
40800104,NA,4100104,4,08,104,620,253
40800107,NA,4100107,4,08,107,68,239
40800108,NA,4100108,4,08,108,247,263
40800109,NA,4100109,4,08,109,402,245
40800110,NA,4100110,4,08,110,654,252
40800111,NA,4100111,4,08,111,370,244
40800112,NA,4100112,4,08,112,417,251
40800113,NA,4100113,4,08,113,405,250
40800114,NA,4100114,4,08,114,243,269
40800601,NA,4100601,4,08,601,326,247
40800602,NA,4100602,4,08,602,306,254
40801102,NA,4101102,4,08,1102,141,260
40801108,NA,4101108,4,08,1108,432,262
40801110,NA,4101110,4,08,1110,324,255
40801111,NA,4101111,4,08,1111,305,242
40801112,NA,4101112,4,08,1112,286,258
40801113,NA,4101113,4,08,1113,408,249
40801114,NA,4101114,4,08,1114,283,268
40802108,NA,4102108,4,08,2108,28,261
40802111,NA,4102111,4,08,2111,183,243
40802112,NA,4102112,4,08,2112,217,257
40802113,NA,4102113,4,08,2113,10,248
40802114,NA,4102114,4,08,2114,188,267
40803108,NA,4103108,4,08,3108,177,264
40803111,NA,4103111,4,08,3111,14,241
40803113,NA,4103113,4,08,3113,157,256
40804108,NA,4104108,4,08,4108,75,265
40805108,NA,4105108,4,08,5108,112,266
40900105,NA,4100105,4,09,105,561,236
40900106,NA,4100106,4,09,106,662,226
40900107,NA,4100107,4,09,107,367,225
40900108,NA,4100108,4,09,108,208,237
40901105,NA,4101105,4,09,1105,447,235
40901106,NA,4101106,4,09,1106,673,227
40901107,NA,4101107,4,09,1107,419,224
40901108,NA,4101108,4,09,1108,263,234
40902105,NA,4102105,4,09,2105,462,238
40902106,NA,4102106,4,09,2106,634,229
40902107,NA,4102107,4,09,2107,200,230
40902108,NA,4102108,4,09,2108,290,233
40903105,NA,4103105,4,09,3105,263,232
40903106,NA,4103106,4,09,3106,435,228
40903108,NA,4103108,4,09,3108,365,231
41200301,NA,4200301,4,12,301,156,170
41200302,NA,4200302,4,12,302,454,162
41200303,NA,4200303,4,12,303,535,190
41200304,NA,4200304,4,12,304,361,217
41200305,NA,4200305,4,12,305,108,163
41200306,NA,4200306,4,12,306,754,150
41200307,NA,4200307,4,12,307,1228,164
41200308,NA,4200308,4,12,308,669,156
41200309,NA,4200309,4,12,309,623,171
41200312,NA,4200312,4,12,312,16,172
41200313,NA,4200313,4,12,313,961,184
41200314,NA,4200314,4,12,314,127,157
41200315,NA,4200315,4,12,315,173,160
41200316,NA,4200316,4,12,316,201,213
41200317,NA,4200317,4,12,317,875,218
41200318,NA,4200318,4,12,318,682,212
41200815,NA,4200815,4,12,815,448,206
41200816,NA,4200816,4,12,816,191,152
41200817,NA,4200817,4,12,817,212,197
41200818,NA,4200818,4,12,818,320,202
41200865,NA,4200865,4,12,865,209,201
41201302,NA,4201302,4,12,1302,376,214
41201303,NA,4201303,4,12,1303,1046,161
41201304,NA,4201304,4,12,1304,429,155
41201305,NA,4201305,4,12,1305,183,153
41201306,NA,4201306,4,12,1306,518,149
41201307,NA,4201307,4,12,1307,508,166
41201313,NA,4201313,4,12,1313,32,181
41201314,NA,4201314,4,12,1314,123,183
41201315,NA,4201315,4,12,1315,361,200
41201316,NA,4201316,4,12,1316,521,173
41201317,NA,4201317,4,12,1317,1183,159
41201318,NA,4201318,4,12,1318,576,179
41201815,NA,4201815,4,12,1815,1079,168
41201816,NA,4201816,4,12,1816,294,219
41201817,NA,4201817,4,12,1817,160,195
41201865,NA,4201865,4,12,1865,194,176
41202302,NA,4202302,4,12,2302,290,151
41202303,NA,4202303,4,12,2303,601,191
41202305,NA,4202305,4,12,2305,2540,223
41202307,NA,4202307,4,12,2307,427,215
41202309,NA,4202309,4,12,2309,483,216
41202313,NA,4202313,4,12,2313,28,182
41202315,NA,4202315,4,12,2315,426,207
41202318,NA,4202318,4,12,2318,562,165
41202815,NA,4202815,4,12,2815,727,189
41202816,NA,4202816,4,12,2816,381,194
41202817,NA,4202817,4,12,2817,315,198
41203303,NA,4203303,4,12,3303,302,192
41203309,NA,4203309,4,12,3309,525,174
41203313,NA,4203313,4,12,3313,567,169
41203315,NA,4203315,4,12,3315,392,208
41203318,NA,4203318,4,12,3318,212,211
41203815,NA,4203815,4,12,3815,304,204
41203816,NA,4203816,4,12,3816,489,167
41203817,NA,4203817,4,12,3817,389,196
41204303,NA,4204303,4,12,4303,66,158
41204313,NA,4204313,4,12,4313,357,180
41204315,NA,4204315,4,12,4315,140,178
41204318,NA,4204318,4,12,4318,352,210
41204815,NA,4204815,4,12,4815,224,203
41204816,NA,4204816,4,12,4816,286,193
41205318,NA,4205318,4,12,5318,24,209
41205815,NA,4205815,4,12,5815,361,177
41205816,NA,4205816,4,12,5816,530,175
41206815,NA,4206815,4,12,6815,390,205
41206816,NA,4206816,4,12,6816,482,199
41207816,NA,4207816,4,12,7816,60,154
41208816,NA,4208816,4,12,8816,320,185
41209816,NA,4209816,4,12,9816,173,188
41210816,NA,4210816,4,12,10816,53,187
41211816,NA,4211816,4,12,11816,113,186
41212816,NA,4212816,4,12,12816,339,220
51000101,NA,5100101,5,10,101,250,135
51000102,NA,5100102,5,10,102,499,132
51000103,NA,5100103,5,10,103,183,131
51000104,NA,5100104,5,10,104,272,130
51000105,NA,5100105,5,10,105,584,141
51000106,NA,5100106,5,10,106,525,129
51000107,NA,5100107,5,10,107,544,144
51000108,NA,5100108,5,10,108,1327,146
51000109,NA,5100109,5,10,109,40,137
51000601,NA,5100601,5,10,601,405,134
51000602,NA,5100602,5,10,602,260,138
51000603,NA,5100603,5,10,603,336,139
51000604,NA,5100604,5,10,604,374,140
51000801,NA,5100801,5,10,801,371,133
51001105,NA,5101105,5,10,1105,433,147
51001106,NA,5101106,5,10,1106,378,143
51001107,NA,5101107,5,10,1107,356,145
51001108,NA,5101108,5,10,1108,316,142
51002105,NA,5102105,5,10,2105,600,136
51002108,NA,5102108,5,10,2108,300,128
51200201,NA,5200201,5,12,201,67,2
51200202,NA,5200202,5,12,202,32,92
51200203,NA,5200203,5,12,203,161,93
51200204,NA,5200204,5,12,204,506,121
51200205,NA,5200205,5,12,205,365,96
51200206,NA,5200206,5,12,206,285,83
51200207,NA,5200207,5,12,207,236,100
51200208,NA,5200208,5,12,208,658,105
51200209,NA,5200209,5,12,209,308,122
51200210,NA,5200210,5,12,210,636,86
51200211,NA,5200211,5,12,211,297,90
51200254,NA,5200254,5,12,254,254,82
51200702,NA,5200702,5,12,702,510,120
51200710,NA,5200710,5,12,710,595,88
51200752,NA,5200752,5,12,752,700,117
51201202,NA,5201202,5,12,1202,592,79
51201204,NA,5201204,5,12,1204,281,81
51201205,NA,5201205,5,12,1205,434,91
51201206,NA,5201206,5,12,1206,242,97
51201207,NA,5201207,5,12,1207,37,101
51201208,NA,5201208,5,12,1208,361,106
51201209,NA,5201209,5,12,1209,96,123
51201210,NA,5201210,5,12,1210,826,95
51201211,NA,5201211,5,12,1211,362,118
51201254,NA,5201254,5,12,1254,338,98
51201702,NA,5201702,5,12,1702,167,94
51201710,NA,5201710,5,12,1710,394,110
51201752,NA,5201752,5,12,1752,219,119
51202202,NA,5202202,5,12,2202,435,116
51202205,NA,5202205,5,12,2205,291,113
51202207,NA,5202207,5,12,2207,44,102
51202208,NA,5202208,5,12,2208,237,104
51202209,NA,5202209,5,12,2209,313,124
51202210,NA,5202210,5,12,2210,351,87
51202211,NA,5202211,5,12,2211,528,112
51202254,NA,5202254,5,12,2254,824,99
51202710,NA,5202710,5,12,2710,321,111
51202752,NA,5202752,5,12,2752,230,80
51203202,NA,5203202,5,12,3202,206,114
51203207,NA,5203207,5,12,3207,166,103
51203209,NA,5203209,5,12,3209,243,85
51203210,NA,5203210,5,12,3210,376,109
51203710,NA,5203710,5,12,3710,763,89
51204202,NA,5204202,5,12,4202,656,115
51204207,NA,5204207,5,12,4207,1213,84
51204210,NA,5204210,5,12,4210,848,108
51204710,NA,5204710,5,12,4710,1150,125
51205210,NA,5205210,5,12,5210,441,107
61100101,NA,6100101,6,11,101,320,65
61100102,NA,6100102,6,11,102,374,66
61100103,NA,6100103,6,11,103,139,75
61100104,NA,6100104,6,11,104,624,73
61100105,NA,6100105,6,11,105,199,77
61100106,NA,6100106,6,11,106,436,72
61100107,NA,6100107,6,11,107,300,71
61100109,NA,6100109,6,11,109,431,76
61100110,NA,6100110,6,11,110,384,78
61101101,NA,6101101,6,11,1101,151,64
61101102,NA,6101102,6,11,1102,189,67
61101103,NA,6101103,6,11,1103,180,74
61101105,NA,6101105,6,11,1105,285,69
61101107,NA,6101107,6,11,1107,157,70
61102102,NA,6102102,6,11,2102,327,68
61200201,NA,6200201,6,12,201,141,16
61200202,NA,6200202,6,12,202,270,8
61200203,NA,6200203,6,12,203,22,62
61200204,NA,6200204,6,12,204,443,19
61200205,NA,6200205,6,12,205,683,20
61200206,NA,6200206,6,12,206,437,12
61200207,NA,6200207,6,12,207,601,24
61200208,NA,6200208,6,12,208,672,54
61200209,NA,6200209,6,12,209,689,43
61200210,NA,6200210,6,12,210,280,14
61200211,NA,6200211,6,12,211,366,26
61200212,NA,6200212,6,12,212,500,32
61200213,NA,6200213,6,12,213,141,30
61200214,NA,6200214,6,12,214,486,28
61200215,NA,6200215,6,12,215,516,29
61200216,NA,6200216,6,12,216,274,10
61200217,NA,6200217,6,12,217,10,1
61200256,NA,6200256,6,12,256,429,11
61200706,NA,6200706,6,12,706,390,55
61201202,NA,6201202,6,12,1202,539,56
61201203,NA,6201203,6,12,1203,13,17
61201204,NA,6201204,6,12,1204,455,34
61201207,NA,6201207,6,12,1207,331,25
61201208,NA,6201208,6,12,1208,423,22
61201209,NA,6201209,6,12,1209,326,44
61201211,NA,6201211,6,12,1211,334,48
61201212,NA,6201212,6,12,1212,345,33
61201214,NA,6201214,6,12,1214,438,9
61201216,NA,6201216,6,12,1216,496,21
61201256,NA,6201256,6,12,1256,566,41
61201706,NA,6201706,6,12,1706,391,13
61202202,NA,6202202,6,12,2202,383,53
61202207,NA,6202207,6,12,2207,377,39
61202209,NA,6202209,6,12,2209,534,42
61202210,NA,6202210,6,12,2210,403,46
61202211,NA,6202211,6,12,2211,357,37
61202212,NA,6202212,6,12,2212,765,23
61202214,NA,6202214,6,12,2214,628,51
61202216,NA,6202216,6,12,2216,387,49
61202706,NA,6202706,6,12,2706,422,40
61203202,NA,6203202,6,12,3202,699,52
61203207,NA,6203207,6,12,3207,438,38
61203210,NA,6203210,6,12,3210,344,45
61203211,NA,6203211,6,12,3211,303,36
61203212,NA,6203212,6,12,3212,374,18
61203216,NA,6203216,6,12,3216,423,50
61204202,NA,6204202,6,12,4202,149,47
61204211,NA,6204211,6,12,4211,537,35
61205202,NA,6205202,6,12,5202,337,57
61205211,NA,6205211,6,12,5211,320,27
61206202,NA,6206202,6,12,6202,417,58
61206211,NA,6206211,6,12,6211,391,15
61207202,NA,6207202,6,12,7202,337,59
61208202,NA,6208202,6,12,8202,244,60
61209202,NA,6209202,6,12,9202,579,61
61210202,NA,6210202,6,12,10202,404,31
